date,item,category,region,sales,quantity,price_per_unit
2024-01-01,Product_A,Electronics,North,104.97,5,96.69
2024-01-02,Product_A,Electronics,North,99.24,9,97.29
2024-01-03,Product_A,Electronics,North,107.71,9,90.2
2024-01-04,Product_A,Electronics,North,117.08,3,99.37
2024-01-05,Product_A,Electronics,North,100.13,7,59.85
2024-01-06,Product_A,Electronics,North,100.75,2,57.08
2024-01-07,Product_A,Electronics,North,119.5,3,72.62
2024-01-08,Product_A,Electronics,North,112.0,3,66.48
2024-01-09,Product_A,Electronics,North,100.24,3,91.1
2024-01-10,Product_A,Electronics,North,110.98,9,35.29
2024-01-11,Product_A,Electronics,North,101.53,2,90.12
2024-01-12,Product_A,Electronics,North,102.12,3,65.81
2024-01-13,Product_A,Electronics,North,109.81,5,26.93
2024-01-14,Product_A,Electronics,North,88.87,3,41.8
2024-01-15,Product_A,Electronics,North,91.36,2,17.0
2024-01-16,Product_A,Electronics,North,103.59,2,98.76
2024-01-17,Product_A,Electronics,North,99.69,2,58.25
2024-01-18,Product_A,Electronics,North,113.57,5,83.24
2024-01-19,Product_A,Electronics,North,101.95,2,24.64
2024-01-20,Product_A,Electronics,North,97.51,2,84.03
2024-01-21,Product_A,Electronics,North,126.89,2,75.31
2024-01-22,Product_A,Electronics,North,110.57,3,47.64
2024-01-23,Product_A,Electronics,North,114.1,2,87.95
2024-01-24,Product_A,Electronics,North,99.77,8,12.37
2024-01-25,Product_A,Electronics,North,109.16,4,82.95
2024-01-26,Product_A,Electronics,North,116.3,2,23.54
2024-01-27,Product_A,Electronics,North,104.27,3,44.28
2024-01-28,Product_A,Electronics,North,120.12,2,85.79
2024-01-29,Product_A,Electronics,North,110.94,2,52.18
2024-01-30,Product_A,Electronics,North,114.6,4,34.61
2024-01-31,Product_A,Electronics,North,112.08,9,87.83
2024-02-01,Product_A,Electronics,North,137.19,3,99.97
2024-02-02,Product_A,Electronics,North,119.1,2,59.99
2024-02-03,Product_A,Electronics,North,109.22,2,95.03
2024-02-04,Product_A,Electronics,North,128.59,2,32.26
2024-02-05,Product_A,Electronics,North,108.71,3,21.62
2024-02-06,Product_A,Electronics,North,123.57,2,64.56
2024-02-07,Product_A,Electronics,North,102.43,5,70.45
2024-02-08,Product_A,Electronics,North,109.3,3,42.23
2024-02-09,Product_A,Electronics,North,125.09,8,70.44
2024-02-10,Product_A,Electronics,North,131.05,4,79.51
2024-02-11,Product_A,Electronics,North,125.92,4,86.7
2024-02-12,Product_A,Electronics,North,123.58,3,60.48
2024-02-13,Product_A,Electronics,North,122.26,2,46.31
2024-02-14,Product_A,Electronics,North,111.01,7,12.59
2024-02-15,Product_A,Electronics,North,119.12,2,65.83
2024-02-16,Product_A,Electronics,North,122.23,3,29.17
2024-02-17,Product_A,Electronics,North,137.92,8,11.31
2024-02-18,Product_A,Electronics,North,131.3,5,63.09
2024-02-19,Product_A,Electronics,North,110.73,4,49.37
2024-02-20,Product_A,Electronics,North,132.11,2,41.34
2024-02-21,Product_A,Electronics,North,125.51,4,80.53
2024-02-22,Product_A,Electronics,North,123.08,4,65.99
2024-02-23,Product_A,Electronics,North,136.46,3,95.46
2024-02-24,Product_A,Electronics,North,141.13,8,93.39
2024-02-25,Product_A,Electronics,North,140.61,4,33.24
2024-02-26,Product_A,Electronics,North,123.38,4,98.2
2024-02-27,Product_A,Electronics,North,129.15,4,39.59
2024-02-28,Product_A,Electronics,North,136.02,3,31.61
2024-02-29,Product_A,Electronics,North,142.92,10,21.6
2024-03-01,Product_A,Electronics,North,128.82,8,23.67
2024-03-02,Product_A,Electronics,North,132.2,8,67.68
2024-03-03,Product_A,Electronics,North,123.44,7,41.11
2024-03-04,Product_A,Electronics,North,122.98,2,52.66
2024-03-05,Product_A,Electronics,North,143.5,3,25.51
2024-03-06,Product_A,Electronics,North,149.36,8,13.68
2024-03-07,Product_A,Electronics,North,135.5,8,35.07
2024-03-08,Product_A,Electronics,North,146.67,8,17.98
2024-03-09,Product_A,Electronics,North,140.67,9,51.47
2024-03-10,Product_A,Electronics,North,131.0,7,42.78
2024-03-11,Product_A,Electronics,North,141.47,4,72.14
2024-03-12,Product_A,Electronics,North,153.63,13,81.95
2024-03-13,Product_A,Electronics,North,138.28,3,17.36
2024-03-14,Product_A,Electronics,North,154.67,3,92.88
2024-03-15,Product_A,Electronics,North,113.2,9,34.92
2024-03-16,Product_A,Electronics,North,147.99,3,77.34
2024-03-17,Product_A,Electronics,North,141.01,8,28.84
2024-03-18,Product_A,Electronics,North,137.51,5,53.61
2024-03-19,Product_A,Electronics,North,141.77,4,43.2
2024-03-20,Product_A,Electronics,North,121.33,4,77.27
2024-03-21,Product_A,Electronics,North,139.35,12,32.72
2024-03-22,Product_A,Electronics,North,145.45,3,90.57
2024-03-23,Product_A,Electronics,North,156.99,5,57.89
2024-03-24,Product_A,Electronics,North,137.36,9,50.27
2024-03-25,Product_A,Electronics,North,134.77,4,31.82
2024-03-26,Product_A,Electronics,North,138.15,6,43.96
2024-03-27,Product_A,Electronics,North,152.63,14,38.99
2024-03-28,Product_A,Electronics,North,147.07,7,39.47
2024-03-29,Product_A,Electronics,North,138.78,9,90.15
2024-03-30,Product_A,Electronics,North,149.5,4,71.12
2024-03-31,Product_A,Electronics,North,145.62,3,54.86
2024-04-01,Product_A,Electronics,North,154.62,11,58.34
2024-04-02,Product_A,Electronics,North,138.18,4,77.09
2024-04-03,Product_A,Electronics,North,142.19,5,21.48
2024-04-04,Product_A,Electronics,North,141.81,6,42.68
2024-04-05,Product_A,Electronics,North,131.35,3,61.37
2024-04-06,Product_A,Electronics,North,149.2,6,98.79
2024-04-07,Product_A,Electronics,North,149.09,4,31.35
2024-04-08,Product_A,Electronics,North,146.77,10,23.76
2024-04-09,Product_A,Electronics,North,144.6,7,24.46
2024-04-10,Product_A,Electronics,North,133.02,7,35.66
2024-04-11,Product_A,Electronics,North,143.18,8,90.71
2024-04-12,Product_A,Electronics,North,144.18,10,57.21
2024-04-13,Product_A,Electronics,North,139.79,5,98.41
2024-04-14,Product_A,Electronics,North,146.4,10,45.81
2024-04-15,Product_A,Electronics,North,152.25,3,87.9
2024-04-16,Product_A,Electronics,North,167.26,3,33.21
2024-04-17,Product_A,Electronics,North,150.33,8,70.18
2024-04-18,Product_A,Electronics,North,151.34,3,60.11
2024-04-19,Product_A,Electronics,North,148.19,4,35.2
2024-04-20,Product_A,Electronics,North,129.92,3,26.83
2024-04-21,Product_A,Electronics,North,149.0,6,48.29
2024-04-22,Product_A,Electronics,North,150.02,4,31.82
2024-04-23,Product_A,Electronics,North,174.21,11,64.96
2024-04-24,Product_A,Electronics,North,147.8,6,62.31
2024-04-25,Product_A,Electronics,North,152.87,9,53.3
2024-04-26,Product_A,Electronics,North,149.65,4,14.66
2024-04-27,Product_A,Electronics,North,138.44,5,22.1
2024-04-28,Product_A,Electronics,North,161.67,12,99.1
2024-04-29,Product_A,Electronics,North,157.88,6,82.89
2024-04-30,Product_A,Electronics,North,158.39,7,71.34
2024-05-01,Product_A,Electronics,North,141.49,3,63.61
2024-05-02,Product_A,Electronics,North,164.72,5,47.07
2024-05-03,Product_A,Electronics,North,136.77,5,93.66
2024-05-04,Product_A,Electronics,North,156.75,3,96.85
2024-05-05,Product_A,Electronics,North,172.87,11,75.78
2024-05-06,Product_A,Electronics,North,141.14,2,26.31
2024-05-07,Product_A,Electronics,North,145.46,11,76.7
2024-05-08,Product_A,Electronics,North,152.19,4,85.76
2024-05-09,Product_A,Electronics,North,146.23,9,81.57
2024-05-10,Product_A,Electronics,North,135.82,7,24.73
2024-05-11,Product_A,Electronics,North,152.07,9,83.31
2024-05-12,Product_A,Electronics,North,140.82,3,57.08
2024-05-13,Product_A,Electronics,North,156.23,6,88.95
2024-05-14,Product_A,Electronics,North,142.34,5,83.49
2024-05-15,Product_A,Electronics,North,167.08,6,43.92
2024-05-16,Product_A,Electronics,North,143.78,5,37.12
2024-05-17,Product_A,Electronics,North,148.43,3,55.24
2024-05-18,Product_A,Electronics,North,159.81,8,90.96
2024-05-19,Product_A,Electronics,North,139.39,5,58.92
2024-05-20,Product_A,Electronics,North,153.99,3,66.18
2024-05-21,Product_A,Electronics,North,164.8,11,94.58
2024-05-22,Product_A,Electronics,North,135.67,3,40.14
2024-05-23,Product_A,Electronics,North,153.6,9,81.46
2024-05-24,Product_A,Electronics,North,154.36,4,58.01
2024-05-25,Product_A,Electronics,North,159.58,3,80.97
2024-05-26,Product_A,Electronics,North,139.39,8,38.05
2024-05-27,Product_A,Electronics,North,138.54,6,76.96
2024-05-28,Product_A,Electronics,North,156.96,13,61.29
2024-05-29,Product_A,Electronics,North,154.7,3,88.91
2024-05-30,Product_A,Electronics,North,154.22,6,83.91
2024-05-31,Product_A,Electronics,North,155.16,10,86.18
2024-06-01,Product_A,Electronics,North,144.87,9,45.76
2024-06-02,Product_A,Electronics,North,153.97,3,23.49
2024-06-03,Product_A,Electronics,North,154.55,8,75.0
2024-06-04,Product_A,Electronics,North,144.44,3,67.7
2024-06-05,Product_A,Electronics,North,170.21,4,58.85
2024-06-06,Product_A,Electronics,North,156.25,7,41.11
2024-06-07,Product_A,Electronics,North,139.56,8,91.76
2024-06-08,Product_A,Electronics,North,158.0,4,46.08
2024-06-09,Product_A,Electronics,North,141.64,4,95.26
2024-06-10,Product_A,Electronics,North,159.21,9,62.76
2024-06-11,Product_A,Electronics,North,162.88,5,65.03
2024-06-12,Product_A,Electronics,North,143.04,13,88.49
2024-06-13,Product_A,Electronics,North,160.83,3,60.86
2024-06-14,Product_A,Electronics,North,155.27,4,93.02
2024-06-15,Product_A,Electronics,North,159.3,4,23.73
2024-06-16,Product_A,Electronics,North,169.99,5,64.6
2024-06-17,Product_A,Electronics,North,148.51,5,76.28
2024-06-18,Product_A,Electronics,North,143.37,3,93.3
2024-06-19,Product_A,Electronics,North,141.95,5,20.19
2024-06-20,Product_A,Electronics,North,142.62,2,85.5
2024-06-21,Product_A,Electronics,North,149.95,10,92.88
2024-06-22,Product_A,Electronics,North,154.06,3,56.7
2024-06-23,Product_A,Electronics,North,153.35,4,45.91
2024-06-24,Product_A,Electronics,North,158.79,13,40.17
2024-06-25,Product_A,Electronics,North,150.58,3,10.42
2024-06-26,Product_A,Electronics,North,164.92,7,45.84
2024-06-27,Product_A,Electronics,North,147.67,4,92.79
2024-06-28,Product_A,Electronics,North,177.45,7,41.23
2024-06-29,Product_A,Electronics,North,156.43,3,50.7
2024-06-30,Product_A,Electronics,North,141.53,7,50.72
2024-07-01,Product_A,Electronics,North,139.33,8,25.87
2024-07-02,Product_A,Electronics,North,154.79,5,47.7
2024-07-03,Product_A,Electronics,North,147.66,3,42.62
2024-07-04,Product_A,Electronics,North,156.96,4,66.9
2024-07-05,Product_A,Electronics,North,154.49,14,69.72
2024-07-06,Product_A,Electronics,North,148.96,8,96.5
2024-07-07,Product_A,Electronics,North,141.15,8,47.32
2024-07-08,Product_A,Electronics,North,134.4,10,99.72
2024-07-09,Product_A,Electronics,North,145.01,4,63.58
2024-07-10,Product_A,Electronics,North,157.98,12,77.5
2024-07-11,Product_A,Electronics,North,151.49,8,90.82
2024-07-12,Product_A,Electronics,North,136.82,7,27.16
2024-07-13,Product_A,Electronics,North,150.95,13,52.49
2024-07-14,Product_A,Electronics,North,153.01,4,15.91
2024-07-15,Product_A,Electronics,North,140.25,3,50.8
2024-07-16,Product_A,Electronics,North,150.57,4,49.67
2024-07-17,Product_A,Electronics,North,149.56,5,60.37
2024-07-18,Product_A,Electronics,North,137.49,8,26.37
2024-07-19,Product_A,Electronics,North,152.44,3,95.15
2024-07-20,Product_A,Electronics,North,154.41,6,34.37
2024-07-21,Product_A,Electronics,North,159.58,4,46.79
2024-07-22,Product_A,Electronics,North,159.24,14,24.05
2024-07-23,Product_A,Electronics,North,134.88,3,69.3
2024-07-24,Product_A,Electronics,North,139.23,12,29.98
2024-07-25,Product_A,Electronics,North,153.72,7,70.47
2024-07-26,Product_A,Electronics,North,153.66,14,19.37
2024-07-27,Product_A,Electronics,North,153.64,3,26.07
2024-07-28,Product_A,Electronics,North,186.98,5,31.44
2024-07-29,Product_A,Electronics,North,154.13,11,31.89
2024-07-30,Product_A,Electronics,North,159.74,4,87.01
2024-07-31,Product_A,Electronics,North,157.9,3,45.75
2024-08-01,Product_A,Electronics,North,154.85,4,28.45
2024-08-02,Product_A,Electronics,North,145.16,6,90.67
2024-08-03,Product_A,Electronics,North,155.88,14,17.7
2024-08-04,Product_A,Electronics,North,140.55,7,12.39
2024-08-05,Product_A,Electronics,North,145.89,8,62.47
2024-08-06,Product_A,Electronics,North,143.4,5,90.34
2024-08-07,Product_A,Electronics,North,149.06,3,40.76
2024-08-08,Product_A,Electronics,North,171.39,8,44.17
2024-08-09,Product_A,Electronics,North,129.57,3,34.13
2024-08-10,Product_A,Electronics,North,155.11,4,46.85
2024-08-11,Product_A,Electronics,North,132.13,4,49.25
2024-08-12,Product_A,Electronics,North,143.55,6,95.36
2024-08-13,Product_A,Electronics,North,159.17,3,22.61
2024-08-14,Product_A,Electronics,North,148.95,3,53.87
2024-08-15,Product_A,Electronics,North,137.55,3,81.99
2024-08-16,Product_A,Electronics,North,141.2,5,12.02
2024-08-17,Product_A,Electronics,North,155.18,7,58.75
2024-08-18,Product_A,Electronics,North,141.12,3,33.21
2024-08-19,Product_A,Electronics,North,150.63,9,85.14
2024-08-20,Product_A,Electronics,North,148.96,3,57.31
2024-08-21,Product_A,Electronics,North,142.04,8,34.51
2024-08-22,Product_A,Electronics,North,170.05,15,92.29
2024-08-23,Product_A,Electronics,North,155.01,10,61.89
2024-08-24,Product_A,Electronics,North,128.48,6,59.88
2024-08-25,Product_A,Electronics,North,150.67,4,84.68
2024-08-26,Product_A,Electronics,North,142.26,7,10.99
2024-08-27,Product_A,Electronics,North,157.48,10,91.0
2024-08-28,Product_A,Electronics,North,141.11,3,63.77
2024-08-29,Product_A,Electronics,North,147.98,4,69.85
2024-08-30,Product_A,Electronics,North,154.26,9,92.3
2024-08-31,Product_A,Electronics,North,157.97,5,44.48
2024-09-01,Product_A,Electronics,North,137.41,4,14.23
2024-09-02,Product_A,Electronics,North,146.18,8,76.42
2024-09-03,Product_A,Electronics,North,144.89,10,64.28
2024-09-04,Product_A,Electronics,North,143.22,7,45.04
2024-09-05,Product_A,Electronics,North,167.53,7,42.01
2024-09-06,Product_A,Electronics,North,154.06,3,36.74
2024-09-07,Product_A,Electronics,North,137.53,4,52.84
2024-09-08,Product_A,Electronics,North,159.46,4,94.31
2024-09-09,Product_A,Electronics,North,171.65,4,29.34
2024-09-10,Product_A,Electronics,North,160.9,14,33.6
2024-09-11,Product_A,Electronics,North,135.54,4,14.63
2024-09-12,Product_A,Electronics,North,146.05,4,63.72
2024-09-13,Product_A,Electronics,North,163.73,7,79.38
2024-09-14,Product_A,Electronics,North,144.16,10,16.76
2024-09-15,Product_A,Electronics,North,155.85,3,54.59
2024-09-16,Product_A,Electronics,North,159.35,4,49.13
2024-09-17,Product_A,Electronics,North,142.52,7,83.72
2024-09-18,Product_A,Electronics,North,151.39,3,72.52
2024-09-19,Product_A,Electronics,North,119.78,5,63.12
2024-09-20,Product_A,Electronics,North,142.15,5,18.24
2024-09-21,Product_A,Electronics,North,150.08,3,22.31
2024-09-22,Product_A,Electronics,North,140.35,2,50.14
2024-09-23,Product_A,Electronics,North,169.38,9,58.77
2024-09-24,Product_A,Electronics,North,138.98,3,75.9
2024-09-25,Product_A,Electronics,North,149.12,3,69.29
2024-09-26,Product_A,Electronics,North,155.07,4,86.43
2024-09-27,Product_A,Electronics,North,168.43,8,54.05
2024-09-28,Product_A,Electronics,North,139.91,7,98.89
2024-09-29,Product_A,Electronics,North,166.16,3,13.55
2024-09-30,Product_A,Electronics,North,154.9,4,93.27
2024-10-01,Product_A,Electronics,North,145.25,8,61.12
2024-10-02,Product_A,Electronics,North,159.97,3,13.06
2024-10-03,Product_A,Electronics,North,157.62,4,36.76
2024-10-04,Product_A,Electronics,North,149.92,3,97.4
2024-10-05,Product_A,Electronics,North,156.92,3,52.68
2024-10-06,Product_A,Electronics,North,152.67,3,86.01
2024-10-07,Product_A,Electronics,North,157.96,6,84.6
2024-10-08,Product_A,Electronics,North,163.76,14,63.66
2024-10-09,Product_A,Electronics,North,173.32,9,20.85
2024-10-10,Product_A,Electronics,North,145.41,11,72.67
2024-10-11,Product_A,Electronics,North,179.45,7,75.23
2024-10-12,Product_A,Electronics,North,138.94,11,38.38
2024-10-13,Product_A,Electronics,North,157.28,4,81.17
2024-10-14,Product_A,Electronics,North,165.03,7,66.33
2024-10-15,Product_A,Electronics,North,162.31,3,65.43
2024-10-16,Product_A,Electronics,North,153.64,7,12.2
2024-10-17,Product_A,Electronics,North,158.15,3,11.91
2024-10-18,Product_A,Electronics,North,155.67,3,57.6
2024-10-19,Product_A,Electronics,North,155.09,3,81.89
2024-10-20,Product_A,Electronics,North,169.86,3,41.56
2024-10-21,Product_A,Electronics,North,165.32,4,46.17
2024-10-22,Product_A,Electronics,North,155.22,5,66.48
2024-10-23,Product_A,Electronics,North,171.54,3,98.57
2024-10-24,Product_A,Electronics,North,166.02,4,47.6
2024-10-25,Product_A,Electronics,North,171.49,6,76.38
2024-10-26,Product_A,Electronics,North,170.07,8,19.94
2024-10-27,Product_A,Electronics,North,155.91,6,35.85
2024-10-28,Product_A,Electronics,North,159.02,7,31.02
2024-10-29,Product_A,Electronics,North,172.53,14,11.61
2024-10-30,Product_A,Electronics,North,171.6,3,48.5
2024-10-31,Product_A,Electronics,North,165.73,6,71.17
2024-11-01,Product_A,Electronics,North,167.56,8,95.5
2024-11-02,Product_A,Electronics,North,179.62,4,18.05
2024-11-03,Product_A,Electronics,North,161.38,6,89.12
2024-11-04,Product_A,Electronics,North,173.23,3,52.07
2024-11-05,Product_A,Electronics,North,166.21,4,25.03
2024-11-06,Product_A,Electronics,North,166.52,3,30.85
2024-11-07,Product_A,Electronics,North,180.17,3,68.47
2024-11-08,Product_A,Electronics,North,177.91,5,56.14
2024-11-09,Product_A,Electronics,North,178.28,9,25.89
2024-11-10,Product_A,Electronics,North,183.69,9,26.78
2024-11-11,Product_A,Electronics,North,171.35,4,41.51
2024-11-12,Product_A,Electronics,North,178.46,14,97.22
2024-11-13,Product_A,Electronics,North,169.04,3,93.5
2024-11-14,Product_A,Electronics,North,175.89,3,25.65
2024-11-15,Product_A,Electronics,North,171.86,6,78.24
2024-11-16,Product_A,Electronics,North,174.65,4,23.85
2024-11-17,Product_A,Electronics,North,180.16,4,30.2
2024-11-18,Product_A,Electronics,North,166.55,8,58.33
2024-11-19,Product_A,Electronics,North,196.18,5,62.21
2024-11-20,Product_A,Electronics,North,165.73,12,88.97
2024-11-21,Product_A,Electronics,North,164.19,7,21.66
2024-11-22,Product_A,Electronics,North,188.46,4,96.01
2024-11-23,Product_A,Electronics,North,185.34,4,82.86
2024-11-24,Product_A,Electronics,North,184.21,5,59.58
2024-11-25,Product_A,Electronics,North,184.8,13,46.76
2024-11-26,Product_A,Electronics,North,178.95,7,33.38
2024-11-27,Product_A,Electronics,North,170.66,4,54.63
2024-11-28,Product_A,Electronics,North,180.96,13,29.82
2024-11-29,Product_A,Electronics,North,173.99,4,16.85
2024-11-30,Product_A,Electronics,North,191.08,4,54.56
2024-12-01,Product_A,Electronics,North,180.43,6,63.32
2024-12-02,Product_A,Electronics,North,174.23,4,41.3
2024-12-03,Product_A,Electronics,North,179.84,4,60.92
2024-12-04,Product_A,Electronics,North,187.77,9,89.08
2024-12-05,Product_A,Electronics,North,178.58,4,69.26
2024-12-06,Product_A,Electronics,North,176.58,4,88.06
2024-12-07,Product_A,Electronics,North,187.83,4,85.33
2024-12-08,Product_A,Electronics,North,188.44,4,71.21
2024-12-09,Product_A,Electronics,North,181.51,5,77.74
2024-12-10,Product_A,Electronics,North,182.46,11,89.28
2024-12-11,Product_A,Electronics,North,190.09,4,12.63
2024-12-12,Product_A,Electronics,North,173.89,4,21.6
2024-12-13,Product_A,Electronics,North,174.9,7,76.92
2024-12-14,Product_A,Electronics,North,182.39,11,83.62
2024-12-15,Product_A,Electronics,North,188.04,4,55.67
2024-12-16,Product_A,Electronics,North,193.89,18,35.83
2024-12-17,Product_A,Electronics,North,206.14,5,98.31
2024-12-18,Product_A,Electronics,North,200.58,5,33.38
2024-12-19,Product_A,Electronics,North,191.01,5,58.6
2024-12-20,Product_A,Electronics,North,193.03,4,19.63
2024-12-21,Product_A,Electronics,North,183.81,4,58.71
2024-12-22,Product_A,Electronics,North,194.26,4,40.77
2024-12-23,Product_A,Electronics,North,192.18,5,93.88
2024-12-24,Product_A,Electronics,North,198.91,14,94.35
2024-12-25,Product_A,Electronics,North,188.02,5,16.11
2024-12-26,Product_A,Electronics,North,202.1,9,73.74
2024-12-27,Product_A,Electronics,North,212.86,16,62.4
2024-12-28,Product_A,Electronics,North,197.06,8,65.88
2024-12-29,Product_A,Electronics,North,202.78,17,88.44
2024-12-30,Product_A,Electronics,North,206.28,4,97.2
2024-12-31,Product_A,Electronics,North,195.99,4,21.71
2024-01-01,Product_B,Clothing,South,165.66,3,86.63
2024-01-02,Product_B,Clothing,South,151.09,8,93.75
2024-01-03,Product_B,Clothing,South,147.94,10,83.57
2024-01-04,Product_B,Clothing,South,174.04,6,89.02
2024-01-05,Product_B,Clothing,South,142.48,3,82.53
2024-01-06,Product_B,Clothing,South,136.69,3,37.42
2024-01-07,Product_B,Clothing,South,164.8,12,46.27
2024-01-08,Product_B,Clothing,South,157.08,9,72.55
2024-01-09,Product_B,Clothing,South,153.57,6,97.8
2024-01-10,Product_B,Clothing,South,172.53,4,84.02
2024-01-11,Product_B,Clothing,South,169.54,11,87.58
2024-01-12,Product_B,Clothing,South,163.09,3,53.84
2024-01-13,Product_B,Clothing,South,157.53,4,78.83
2024-01-14,Product_B,Clothing,South,180.64,10,55.23
2024-01-15,Product_B,Clothing,South,179.98,6,23.17
2024-01-16,Product_B,Clothing,South,174.01,7,16.14
2024-01-17,Product_B,Clothing,South,194.96,17,22.16
2024-01-18,Product_B,Clothing,South,167.26,3,59.46
2024-01-19,Product_B,Clothing,South,164.13,3,48.92
2024-01-20,Product_B,Clothing,South,173.86,7,55.55
2024-01-21,Product_B,Clothing,South,181.68,6,19.51
2024-01-22,Product_B,Clothing,South,185.89,5,29.44
2024-01-23,Product_B,Clothing,South,182.32,5,68.52
2024-01-24,Product_B,Clothing,South,189.49,11,15.52
2024-01-25,Product_B,Clothing,South,174.64,4,51.38
2024-01-26,Product_B,Clothing,South,202.74,16,99.54
2024-01-27,Product_B,Clothing,South,188.58,15,72.55
2024-01-28,Product_B,Clothing,South,201.62,4,31.53
2024-01-29,Product_B,Clothing,South,194.88,12,20.92
2024-01-30,Product_B,Clothing,South,196.97,8,19.09
2024-01-31,Product_B,Clothing,South,199.0,5,15.61
2024-02-01,Product_B,Clothing,South,198.62,6,99.7
2024-02-02,Product_B,Clothing,South,201.37,4,65.37
2024-02-03,Product_B,Clothing,South,208.97,9,66.15
2024-02-04,Product_B,Clothing,South,198.32,6,48.35
2024-02-05,Product_B,Clothing,South,204.07,13,89.79
2024-02-06,Product_B,Clothing,South,196.66,7,27.52
2024-02-07,Product_B,Clothing,South,212.46,8,47.27
2024-02-08,Product_B,Clothing,South,191.75,4,76.03
2024-02-09,Product_B,Clothing,South,216.92,5,10.99
2024-02-10,Product_B,Clothing,South,198.84,7,53.32
2024-02-11,Product_B,Clothing,South,185.21,17,33.38
2024-02-12,Product_B,Clothing,South,201.01,4,22.34
2024-02-13,Product_B,Clothing,South,193.07,6,29.37
2024-02-14,Product_B,Clothing,South,208.38,19,31.71
2024-02-15,Product_B,Clothing,South,193.47,3,82.14
2024-02-16,Product_B,Clothing,South,195.51,4,53.91
2024-02-17,Product_B,Clothing,South,180.98,12,59.32
2024-02-18,Product_B,Clothing,South,195.2,6,85.99
2024-02-19,Product_B,Clothing,South,175.27,12,53.94
2024-02-20,Product_B,Clothing,South,183.4,11,39.22
2024-02-21,Product_B,Clothing,South,206.51,5,52.84
2024-02-22,Product_B,Clothing,South,206.37,8,45.5
2024-02-23,Product_B,Clothing,South,202.32,7,80.65
2024-02-24,Product_B,Clothing,South,187.88,4,95.98
2024-02-25,Product_B,Clothing,South,196.51,4,38.39
2024-02-26,Product_B,Clothing,South,196.32,5,49.38
2024-02-27,Product_B,Clothing,South,184.09,9,85.68
2024-02-28,Product_B,Clothing,South,209.97,18,91.16
2024-02-29,Product_B,Clothing,South,202.92,7,67.35
2024-03-01,Product_B,Clothing,South,191.09,5,90.56
2024-03-02,Product_B,Clothing,South,192.67,5,65.25
2024-03-03,Product_B,Clothing,South,193.54,15,56.66
2024-03-04,Product_B,Clothing,South,170.03,10,76.37
2024-03-05,Product_B,Clothing,South,186.93,6,71.22
2024-03-06,Product_B,Clothing,South,181.48,15,17.63
2024-03-07,Product_B,Clothing,South,177.14,4,16.49
2024-03-08,Product_B,Clothing,South,183.16,14,11.09
2024-03-09,Product_B,Clothing,South,202.71,4,76.38
2024-03-10,Product_B,Clothing,South,189.86,7,36.69
2024-03-11,Product_B,Clothing,South,176.43,7,79.72
2024-03-12,Product_B,Clothing,South,186.51,5,26.67
2024-03-13,Product_B,Clothing,South,193.38,11,18.86
2024-03-14,Product_B,Clothing,South,187.21,5,78.79
2024-03-15,Product_B,Clothing,South,177.09,8,11.89
2024-03-16,Product_B,Clothing,South,168.53,12,97.11
2024-03-17,Product_B,Clothing,South,180.46,8,79.23
2024-03-18,Product_B,Clothing,South,175.85,5,44.37
2024-03-19,Product_B,Clothing,South,179.29,9,20.92
2024-03-20,Product_B,Clothing,South,175.08,5,79.72
2024-03-21,Product_B,Clothing,South,177.6,4,57.73
2024-03-22,Product_B,Clothing,South,160.1,13,97.16
2024-03-23,Product_B,Clothing,South,176.96,4,36.35
2024-03-24,Product_B,Clothing,South,164.07,3,64.17
2024-03-25,Product_B,Clothing,South,181.15,5,77.33
2024-03-26,Product_B,Clothing,South,151.79,3,69.08
2024-03-27,Product_B,Clothing,South,174.32,11,40.44
2024-03-28,Product_B,Clothing,South,157.21,3,30.22
2024-03-29,Product_B,Clothing,South,146.97,5,48.89
2024-03-30,Product_B,Clothing,South,146.91,5,65.16
2024-03-31,Product_B,Clothing,South,146.8,3,31.66
2024-04-01,Product_B,Clothing,South,152.5,10,27.77
2024-04-02,Product_B,Clothing,South,151.74,3,68.12
2024-04-03,Product_B,Clothing,South,139.04,6,83.44
2024-04-04,Product_B,Clothing,South,142.8,3,86.19
2024-04-05,Product_B,Clothing,South,162.74,3,32.7
2024-04-06,Product_B,Clothing,South,156.88,3,51.45
2024-04-07,Product_B,Clothing,South,142.27,3,75.56
2024-04-08,Product_B,Clothing,South,136.6,3,69.05
2024-04-09,Product_B,Clothing,South,135.75,7,59.05
2024-04-10,Product_B,Clothing,South,139.03,2,94.36
2024-04-11,Product_B,Clothing,South,121.04,10,24.83
2024-04-12,Product_B,Clothing,South,127.09,8,75.34
2024-04-13,Product_B,Clothing,South,111.4,2,29.22
2024-04-14,Product_B,Clothing,South,130.52,4,85.66
2024-04-15,Product_B,Clothing,South,131.47,3,58.8
2024-04-16,Product_B,Clothing,South,118.67,3,55.75
2024-04-17,Product_B,Clothing,South,137.78,6,60.85
2024-04-18,Product_B,Clothing,South,108.35,2,88.6
2024-04-19,Product_B,Clothing,South,104.57,2,78.5
2024-04-20,Product_B,Clothing,South,120.11,7,51.54
2024-04-21,Product_B,Clothing,South,127.01,12,32.2
2024-04-22,Product_B,Clothing,South,132.11,3,99.26
2024-04-23,Product_B,Clothing,South,109.44,7,46.13
2024-04-24,Product_B,Clothing,South,123.63,2,28.36
2024-04-25,Product_B,Clothing,South,111.31,3,75.98
2024-04-26,Product_B,Clothing,South,108.87,3,26.92
2024-04-27,Product_B,Clothing,South,118.39,4,80.54
2024-04-28,Product_B,Clothing,South,115.07,3,10.47
2024-04-29,Product_B,Clothing,South,91.83,2,13.18
2024-04-30,Product_B,Clothing,South,121.46,3,28.22
2024-05-01,Product_B,Clothing,South,119.65,2,43.11
2024-05-02,Product_B,Clothing,South,98.8,4,23.4
2024-05-03,Product_B,Clothing,South,108.28,4,88.9
2024-05-04,Product_B,Clothing,South,108.58,2,43.15
2024-05-05,Product_B,Clothing,South,105.62,3,74.99
2024-05-06,Product_B,Clothing,South,96.94,2,63.37
2024-05-07,Product_B,Clothing,South,95.22,3,47.14
2024-05-08,Product_B,Clothing,South,101.23,2,10.29
2024-05-09,Product_B,Clothing,South,112.82,3,41.99
2024-05-10,Product_B,Clothing,South,106.2,2,18.37
2024-05-11,Product_B,Clothing,South,96.78,2,53.29
2024-05-12,Product_B,Clothing,South,107.99,3,15.84
2024-05-13,Product_B,Clothing,South,71.64,2,60.53
2024-05-14,Product_B,Clothing,South,111.52,3,64.31
2024-05-15,Product_B,Clothing,South,82.6,2,82.45
2024-05-16,Product_B,Clothing,South,96.41,4,84.25
2024-05-17,Product_B,Clothing,South,88.93,2,16.94
2024-05-18,Product_B,Clothing,South,87.33,7,40.08
2024-05-19,Product_B,Clothing,South,112.09,2,73.69
2024-05-20,Product_B,Clothing,South,96.08,2,56.55
2024-05-21,Product_B,Clothing,South,104.56,3,23.27
2024-05-22,Product_B,Clothing,South,101.02,4,49.06
2024-05-23,Product_B,Clothing,South,106.71,7,29.86
2024-05-24,Product_B,Clothing,South,103.22,3,76.21
2024-05-25,Product_B,Clothing,South,90.19,1,93.98
2024-05-26,Product_B,Clothing,South,113.6,3,47.91
2024-05-27,Product_B,Clothing,South,99.39,2,80.71
2024-05-28,Product_B,Clothing,South,89.49,6,46.89
2024-05-29,Product_B,Clothing,South,101.57,2,44.54
2024-05-30,Product_B,Clothing,South,121.71,3,62.9
2024-05-31,Product_B,Clothing,South,116.1,6,42.6
2024-06-01,Product_B,Clothing,South,105.06,4,12.36
2024-06-02,Product_B,Clothing,South,106.06,9,84.85
2024-06-03,Product_B,Clothing,South,107.38,5,56.63
2024-06-04,Product_B,Clothing,South,132.47,6,94.66
2024-06-05,Product_B,Clothing,South,116.66,5,48.67
2024-06-06,Product_B,Clothing,South,118.33,2,85.77
2024-06-07,Product_B,Clothing,South,125.57,7,82.24
2024-06-08,Product_B,Clothing,South,118.93,4,53.47
2024-06-09,Product_B,Clothing,South,115.27,7,17.25
2024-06-10,Product_B,Clothing,South,117.25,2,54.68
2024-06-11,Product_B,Clothing,South,119.89,4,75.66
2024-06-12,Product_B,Clothing,South,121.67,2,24.3
2024-06-13,Product_B,Clothing,South,130.78,3,22.18
2024-06-14,Product_B,Clothing,South,125.52,3,69.13
2024-06-15,Product_B,Clothing,South,133.85,2,16.21
2024-06-16,Product_B,Clothing,South,127.27,10,35.4
2024-06-17,Product_B,Clothing,South,130.45,6,32.23
2024-06-18,Product_B,Clothing,South,111.29,2,32.46
2024-06-19,Product_B,Clothing,South,142.06,6,78.35
2024-06-20,Product_B,Clothing,South,138.01,4,79.9
2024-06-21,Product_B,Clothing,South,146.2,11,53.88
2024-06-22,Product_B,Clothing,South,108.94,9,15.64
2024-06-23,Product_B,Clothing,South,160.49,3,22.53
2024-06-24,Product_B,Clothing,South,139.92,4,47.0
2024-06-25,Product_B,Clothing,South,154.12,6,90.99
2024-06-26,Product_B,Clothing,South,134.37,12,69.74
2024-06-27,Product_B,Clothing,South,152.64,3,60.42
2024-06-28,Product_B,Clothing,South,137.72,2,14.7
2024-06-29,Product_B,Clothing,South,143.76,5,33.41
2024-06-30,Product_B,Clothing,South,170.89,4,98.32
2024-07-01,Product_B,Clothing,South,151.58,7,68.88
2024-07-02,Product_B,Clothing,South,157.4,8,60.88
2024-07-03,Product_B,Clothing,South,165.66,5,97.48
2024-07-04,Product_B,Clothing,South,163.64,4,41.46
2024-07-05,Product_B,Clothing,South,161.9,11,23.61
2024-07-06,Product_B,Clothing,South,165.75,8,32.59
2024-07-07,Product_B,Clothing,South,187.82,4,60.51
2024-07-08,Product_B,Clothing,South,164.87,5,20.33
2024-07-09,Product_B,Clothing,South,169.11,3,75.05
2024-07-10,Product_B,Clothing,South,179.24,14,73.71
2024-07-11,Product_B,Clothing,South,181.39,5,17.36
2024-07-12,Product_B,Clothing,South,183.79,6,53.62
2024-07-13,Product_B,Clothing,South,179.86,10,95.11
2024-07-14,Product_B,Clothing,South,163.57,3,70.21
2024-07-15,Product_B,Clothing,South,192.83,6,47.06
2024-07-16,Product_B,Clothing,South,166.5,4,59.09
2024-07-17,Product_B,Clothing,South,182.42,14,56.13
2024-07-18,Product_B,Clothing,South,173.24,4,51.33
2024-07-19,Product_B,Clothing,South,181.5,15,80.77
2024-07-20,Product_B,Clothing,South,186.74,10,33.28
2024-07-21,Product_B,Clothing,South,187.95,11,39.72
2024-07-22,Product_B,Clothing,South,190.19,4,56.74
2024-07-23,Product_B,Clothing,South,203.29,11,89.0
2024-07-24,Product_B,Clothing,South,192.84,4,88.35
2024-07-25,Product_B,Clothing,South,186.96,9,50.61
2024-07-26,Product_B,Clothing,South,200.09,4,79.48
2024-07-27,Product_B,Clothing,South,203.35,18,15.87
2024-07-28,Product_B,Clothing,South,180.13,6,91.83
2024-07-29,Product_B,Clothing,South,199.28,6,54.8
2024-07-30,Product_B,Clothing,South,201.16,14,69.11
2024-07-31,Product_B,Clothing,South,191.96,4,44.24
2024-08-01,Product_B,Clothing,South,209.43,5,96.8
2024-08-02,Product_B,Clothing,South,194.86,10,57.1
2024-08-03,Product_B,Clothing,South,198.24,9,81.36
2024-08-04,Product_B,Clothing,South,195.82,5,67.11
2024-08-05,Product_B,Clothing,South,198.22,4,45.64
2024-08-06,Product_B,Clothing,South,187.55,4,57.97
2024-08-07,Product_B,Clothing,South,184.51,11,72.63
2024-08-08,Product_B,Clothing,South,215.19,5,38.51
2024-08-09,Product_B,Clothing,South,191.04,4,91.55
2024-08-10,Product_B,Clothing,South,189.81,9,98.52
2024-08-11,Product_B,Clothing,South,178.34,11,28.18
2024-08-12,Product_B,Clothing,South,193.58,11,90.46
2024-08-13,Product_B,Clothing,South,186.77,5,23.69
2024-08-14,Product_B,Clothing,South,216.39,7,65.38
2024-08-15,Product_B,Clothing,South,209.98,15,89.42
2024-08-16,Product_B,Clothing,South,192.84,4,55.47
2024-08-17,Product_B,Clothing,South,222.04,4,47.6
2024-08-18,Product_B,Clothing,South,209.06,4,70.11
2024-08-19,Product_B,Clothing,South,195.66,5,24.94
2024-08-20,Product_B,Clothing,South,173.52,3,48.47
2024-08-21,Product_B,Clothing,South,220.97,13,11.13
2024-08-22,Product_B,Clothing,South,183.66,5,57.47
2024-08-23,Product_B,Clothing,South,180.53,4,90.12
2024-08-24,Product_B,Clothing,South,206.58,15,75.83
2024-08-25,Product_B,Clothing,South,220.07,12,87.24
2024-08-26,Product_B,Clothing,South,208.78,4,58.67
2024-08-27,Product_B,Clothing,South,199.79,5,38.29
2024-08-28,Product_B,Clothing,South,199.25,6,83.95
2024-08-29,Product_B,Clothing,South,200.94,7,42.2
2024-08-30,Product_B,Clothing,South,199.04,6,84.54
2024-08-31,Product_B,Clothing,South,193.26,8,25.64
2024-09-01,Product_B,Clothing,South,190.44,4,84.34
2024-09-02,Product_B,Clothing,South,187.68,13,31.59
2024-09-03,Product_B,Clothing,South,179.62,11,41.31
2024-09-04,Product_B,Clothing,South,183.16,6,77.39
2024-09-05,Product_B,Clothing,South,167.8,4,65.88
2024-09-06,Product_B,Clothing,South,182.47,7,85.73
2024-09-07,Product_B,Clothing,South,172.25,5,98.12
2024-09-08,Product_B,Clothing,South,169.75,4,21.36
2024-09-09,Product_B,Clothing,South,181.19,4,39.26
2024-09-10,Product_B,Clothing,South,191.88,5,16.27
2024-09-11,Product_B,Clothing,South,185.68,10,87.02
2024-09-12,Product_B,Clothing,South,159.29,8,85.33
2024-09-13,Product_B,Clothing,South,163.58,7,67.86
2024-09-14,Product_B,Clothing,South,181.33,4,56.14
2024-09-15,Product_B,Clothing,South,160.51,7,29.14
2024-09-16,Product_B,Clothing,South,166.48,14,37.36
2024-09-17,Product_B,Clothing,South,172.6,4,94.45
2024-09-18,Product_B,Clothing,South,155.77,3,78.95
2024-09-19,Product_B,Clothing,South,164.84,3,69.85
2024-09-20,Product_B,Clothing,South,148.76,7,91.65
2024-09-21,Product_B,Clothing,South,154.38,4,60.44
2024-09-22,Product_B,Clothing,South,161.88,11,50.23
2024-09-23,Product_B,Clothing,South,141.03,4,87.81
2024-09-24,Product_B,Clothing,South,159.63,5,44.24
2024-09-25,Product_B,Clothing,South,153.29,3,19.96
2024-09-26,Product_B,Clothing,South,157.27,5,13.78
2024-09-27,Product_B,Clothing,South,152.24,3,92.63
2024-09-28,Product_B,Clothing,South,161.9,7,87.25
2024-09-29,Product_B,Clothing,South,147.76,6,91.97
2024-09-30,Product_B,Clothing,South,140.48,3,82.44
2024-10-01,Product_B,Clothing,South,144.26,13,96.65
2024-10-02,Product_B,Clothing,South,146.75,3,37.43
2024-10-03,Product_B,Clothing,South,140.09,3,35.34
2024-10-04,Product_B,Clothing,South,138.31,3,20.13
2024-10-05,Product_B,Clothing,South,129.2,3,58.66
2024-10-06,Product_B,Clothing,South,127.92,9,31.77
2024-10-07,Product_B,Clothing,South,118.87,11,52.19
2024-10-08,Product_B,Clothing,South,148.77,6,63.85
2024-10-09,Product_B,Clothing,South,117.22,5,36.99
2024-10-10,Product_B,Clothing,South,121.15,3,14.33
2024-10-11,Product_B,Clothing,South,119.34,2,86.7
2024-10-12,Product_B,Clothing,South,133.95,3,63.39
2024-10-13,Product_B,Clothing,South,120.55,2,26.68
2024-10-14,Product_B,Clothing,South,134.52,10,31.56
2024-10-15,Product_B,Clothing,South,113.88,2,13.12
2024-10-16,Product_B,Clothing,South,122.01,3,99.59
2024-10-17,Product_B,Clothing,South,109.51,2,56.93
2024-10-18,Product_B,Clothing,South,137.99,10,84.82
2024-10-19,Product_B,Clothing,South,103.39,3,20.34
2024-10-20,Product_B,Clothing,South,117.13,8,91.87
2024-10-21,Product_B,Clothing,South,119.18,3,84.64
2024-10-22,Product_B,Clothing,South,115.84,2,61.46
2024-10-23,Product_B,Clothing,South,108.75,3,48.74
2024-10-24,Product_B,Clothing,South,108.25,4,49.11
2024-10-25,Product_B,Clothing,South,108.99,2,64.17
2024-10-26,Product_B,Clothing,South,106.13,2,49.9
2024-10-27,Product_B,Clothing,South,116.34,3,66.82
2024-10-28,Product_B,Clothing,South,127.96,3,73.24
2024-10-29,Product_B,Clothing,South,99.49,5,56.11
2024-10-30,Product_B,Clothing,South,90.62,6,44.61
2024-10-31,Product_B,Clothing,South,102.76,3,68.7
2024-11-01,Product_B,Clothing,South,128.81,2,64.06
2024-11-02,Product_B,Clothing,South,94.41,2,55.56
2024-11-03,Product_B,Clothing,South,118.33,3,16.38
2024-11-04,Product_B,Clothing,South,118.26,5,42.57
2024-11-05,Product_B,Clothing,South,95.56,3,14.11
2024-11-06,Product_B,Clothing,South,106.45,6,34.91
2024-11-07,Product_B,Clothing,South,116.77,2,39.82
2024-11-08,Product_B,Clothing,South,96.48,3,27.65
2024-11-09,Product_B,Clothing,South,98.09,2,35.26
2024-11-10,Product_B,Clothing,South,94.21,5,56.49
2024-11-11,Product_B,Clothing,South,89.85,8,10.69
2024-11-12,Product_B,Clothing,South,93.54,4,13.3
2024-11-13,Product_B,Clothing,South,87.88,6,40.5
2024-11-14,Product_B,Clothing,South,100.61,2,61.48
2024-11-15,Product_B,Clothing,South,92.79,3,36.41
2024-11-16,Product_B,Clothing,South,103.1,2,45.73
2024-11-17,Product_B,Clothing,South,85.53,6,65.54
2024-11-18,Product_B,Clothing,South,104.79,7,41.07
2024-11-19,Product_B,Clothing,South,110.27,3,88.68
2024-11-20,Product_B,Clothing,South,82.51,2,73.2
2024-11-21,Product_B,Clothing,South,106.76,2,21.83
2024-11-22,Product_B,Clothing,South,115.92,5,45.51
2024-11-23,Product_B,Clothing,South,92.23,3,46.99
2024-11-24,Product_B,Clothing,South,121.79,2,74.26
2024-11-25,Product_B,Clothing,South,110.04,3,37.84
2024-11-26,Product_B,Clothing,South,99.65,2,95.96
2024-11-27,Product_B,Clothing,South,107.04,2,10.14
2024-11-28,Product_B,Clothing,South,114.13,3,14.6
2024-11-29,Product_B,Clothing,South,110.31,5,15.36
2024-11-30,Product_B,Clothing,South,115.99,3,71.79
2024-12-01,Product_B,Clothing,South,102.49,7,44.55
2024-12-02,Product_B,Clothing,South,114.54,4,43.21
2024-12-03,Product_B,Clothing,South,99.9,6,47.71
2024-12-04,Product_B,Clothing,South,114.15,2,16.39
2024-12-05,Product_B,Clothing,South,107.5,8,41.93
2024-12-06,Product_B,Clothing,South,110.51,2,70.17
2024-12-07,Product_B,Clothing,South,131.58,3,42.57
2024-12-08,Product_B,Clothing,South,131.52,3,10.91
2024-12-09,Product_B,Clothing,South,128.13,3,92.2
2024-12-10,Product_B,Clothing,South,112.58,3,88.63
2024-12-11,Product_B,Clothing,South,121.84,3,20.85
2024-12-12,Product_B,Clothing,South,138.66,3,15.98
2024-12-13,Product_B,Clothing,South,129.5,4,22.79
2024-12-14,Product_B,Clothing,South,152.86,14,47.98
2024-12-15,Product_B,Clothing,South,135.2,6,53.74
2024-12-16,Product_B,Clothing,South,134.82,4,13.94
2024-12-17,Product_B,Clothing,South,131.46,8,60.28
2024-12-18,Product_B,Clothing,South,137.55,5,75.63
2024-12-19,Product_B,Clothing,South,136.38,3,86.1
2024-12-20,Product_B,Clothing,South,146.69,3,48.69
2024-12-21,Product_B,Clothing,South,150.88,4,34.78
2024-12-22,Product_B,Clothing,South,135.18,6,81.01
2024-12-23,Product_B,Clothing,South,131.46,4,81.85
2024-12-24,Product_B,Clothing,South,128.15,2,87.18
2024-12-25,Product_B,Clothing,South,153.33,3,48.79
2024-12-26,Product_B,Clothing,South,138.97,6,62.4
2024-12-27,Product_B,Clothing,South,130.22,5,64.1
2024-12-28,Product_B,Clothing,South,157.37,4,71.96
2024-12-29,Product_B,Clothing,South,180.16,7,25.02
2024-12-30,Product_B,Clothing,South,156.9,5,22.83
2024-12-31,Product_B,Clothing,South,167.07,3,41.13
2024-01-01,Product_C,Electronics,East,343.1,7,62.35
2024-01-02,Product_C,Electronics,East,343.47,12,62.21
2024-01-03,Product_C,Electronics,East,323.26,10,78.29
2024-01-04,Product_C,Electronics,East,326.02,15,41.77
2024-01-05,Product_C,Electronics,East,310.36,6,95.18
2024-01-06,Product_C,Electronics,East,318.08,6,47.75
2024-01-07,Product_C,Electronics,East,334.59,8,52.87
2024-01-08,Product_C,Electronics,East,339.77,11,28.42
2024-01-09,Product_C,Electronics,East,309.81,9,26.75
2024-01-10,Product_C,Electronics,East,314.65,13,86.95
2024-01-11,Product_C,Electronics,East,318.61,17,16.4
2024-01-12,Product_C,Electronics,East,319.86,25,94.67
2024-01-13,Product_C,Electronics,East,307.05,10,46.85
2024-01-14,Product_C,Electronics,East,317.37,7,85.22
2024-01-15,Product_C,Electronics,East,306.28,13,72.43
2024-01-16,Product_C,Electronics,East,308.69,7,68.92
2024-01-17,Product_C,Electronics,East,312.04,19,88.83
2024-01-18,Product_C,Electronics,East,304.32,9,35.42
2024-01-19,Product_C,Electronics,East,297.51,11,13.38
2024-01-20,Product_C,Electronics,East,298.35,19,78.9
2024-01-21,Product_C,Electronics,East,296.11,29,47.49
2024-01-22,Product_C,Electronics,East,290.81,9,14.92
2024-01-23,Product_C,Electronics,East,289.42,5,30.35
2024-01-24,Product_C,Electronics,East,305.49,13,37.35
2024-01-25,Product_C,Electronics,East,292.61,15,10.13
2024-01-26,Product_C,Electronics,East,281.56,7,97.02
2024-01-27,Product_C,Electronics,East,289.03,15,69.67
2024-01-28,Product_C,Electronics,East,276.3,6,86.36
2024-01-29,Product_C,Electronics,East,288.99,10,37.26
2024-01-30,Product_C,Electronics,East,278.63,12,74.14
2024-01-31,Product_C,Electronics,East,271.6,6,26.35
2024-02-01,Product_C,Electronics,East,274.96,11,91.17
2024-02-02,Product_C,Electronics,East,252.67,5,98.64
2024-02-03,Product_C,Electronics,East,255.1,6,45.39
2024-02-04,Product_C,Electronics,East,252.51,7,69.49
2024-02-05,Product_C,Electronics,East,264.06,20,59.0
2024-02-06,Product_C,Electronics,East,278.26,7,25.06
2024-02-07,Product_C,Electronics,East,281.67,6,62.54
2024-02-08,Product_C,Electronics,East,264.28,5,13.82
2024-02-09,Product_C,Electronics,East,261.57,12,64.14
2024-02-10,Product_C,Electronics,East,237.36,10,74.3
2024-02-11,Product_C,Electronics,East,248.89,6,19.23
2024-02-12,Product_C,Electronics,East,245.52,8,55.8
2024-02-13,Product_C,Electronics,East,246.41,9,93.96
2024-02-14,Product_C,Electronics,East,250.31,5,72.75
2024-02-15,Product_C,Electronics,East,246.79,6,51.55
2024-02-16,Product_C,Electronics,East,231.38,4,72.51
2024-02-17,Product_C,Electronics,East,258.46,6,87.55
2024-02-18,Product_C,Electronics,East,240.2,11,82.64
2024-02-19,Product_C,Electronics,East,253.42,14,41.08
2024-02-20,Product_C,Electronics,East,272.0,11,98.07
2024-02-21,Product_C,Electronics,East,242.44,5,73.11
2024-02-22,Product_C,Electronics,East,226.84,5,60.59
2024-02-23,Product_C,Electronics,East,249.92,5,54.66
2024-02-24,Product_C,Electronics,East,264.55,10,24.67
2024-02-25,Product_C,Electronics,East,274.0,6,76.1
2024-02-26,Product_C,Electronics,East,243.11,9,12.27
2024-02-27,Product_C,Electronics,East,261.47,6,11.03
2024-02-28,Product_C,Electronics,East,253.04,6,97.32
2024-02-29,Product_C,Electronics,East,257.92,9,31.15
2024-03-01,Product_C,Electronics,East,286.79,7,83.54
2024-03-02,Product_C,Electronics,East,246.75,7,97.03
2024-03-03,Product_C,Electronics,East,265.82,22,55.43
2024-03-04,Product_C,Electronics,East,269.52,6,87.64
2024-03-05,Product_C,Electronics,East,277.3,16,82.0
2024-03-06,Product_C,Electronics,East,269.06,8,45.69
2024-03-07,Product_C,Electronics,East,272.82,17,87.88
2024-03-08,Product_C,Electronics,East,267.5,16,37.88
2024-03-09,Product_C,Electronics,East,275.79,12,88.43
2024-03-10,Product_C,Electronics,East,271.35,7,81.7
2024-03-11,Product_C,Electronics,East,282.66,14,66.24
2024-03-12,Product_C,Electronics,East,274.38,8,84.95
2024-03-13,Product_C,Electronics,East,283.45,6,11.09
2024-03-14,Product_C,Electronics,East,280.95,7,14.67
2024-03-15,Product_C,Electronics,East,294.0,9,35.89
2024-03-16,Product_C,Electronics,East,283.66,12,41.77
2024-03-17,Product_C,Electronics,East,267.81,7,40.06
2024-03-18,Product_C,Electronics,East,299.45,7,46.41
2024-03-19,Product_C,Electronics,East,278.96,21,80.54
2024-03-20,Product_C,Electronics,East,282.58,13,48.95
2024-03-21,Product_C,Electronics,East,284.15,7,39.92
2024-03-22,Product_C,Electronics,East,304.73,24,43.65
2024-03-23,Product_C,Electronics,East,270.39,5,67.76
2024-03-24,Product_C,Electronics,East,323.76,8,66.91
2024-03-25,Product_C,Electronics,East,303.45,16,47.65
2024-03-26,Product_C,Electronics,East,295.49,7,19.12
2024-03-27,Product_C,Electronics,East,292.95,13,34.87
2024-03-28,Product_C,Electronics,East,296.45,10,98.23
2024-03-29,Product_C,Electronics,East,298.75,23,56.68
2024-03-30,Product_C,Electronics,East,299.8,17,97.36
2024-03-31,Product_C,Electronics,East,298.57,20,46.32
2024-04-01,Product_C,Electronics,East,293.43,7,73.41
2024-04-02,Product_C,Electronics,East,289.93,10,41.19
2024-04-03,Product_C,Electronics,East,289.61,11,33.78
2024-04-04,Product_C,Electronics,East,288.26,15,53.47
2024-04-05,Product_C,Electronics,East,300.49,14,35.87
2024-04-06,Product_C,Electronics,East,293.89,8,97.17
2024-04-07,Product_C,Electronics,East,257.22,7,16.93
2024-04-08,Product_C,Electronics,East,291.73,22,95.63
2024-04-09,Product_C,Electronics,East,285.53,13,18.29
2024-04-10,Product_C,Electronics,East,281.7,8,66.13
2024-04-11,Product_C,Electronics,East,276.19,7,34.07
2024-04-12,Product_C,Electronics,East,289.4,27,96.85
2024-04-13,Product_C,Electronics,East,285.62,14,70.84
2024-04-14,Product_C,Electronics,East,266.31,6,64.9
2024-04-15,Product_C,Electronics,East,275.92,12,34.4
2024-04-16,Product_C,Electronics,East,259.87,7,87.95
2024-04-17,Product_C,Electronics,East,253.47,5,19.53
2024-04-18,Product_C,Electronics,East,258.62,15,95.03
2024-04-19,Product_C,Electronics,East,271.09,6,89.47
2024-04-20,Product_C,Electronics,East,269.54,14,62.88
2024-04-21,Product_C,Electronics,East,262.65,6,71.21
2024-04-22,Product_C,Electronics,East,262.27,9,11.39
2024-04-23,Product_C,Electronics,East,257.68,7,32.78
2024-04-24,Product_C,Electronics,East,243.6,8,96.18
2024-04-25,Product_C,Electronics,East,251.85,9,85.58
2024-04-26,Product_C,Electronics,East,253.08,14,70.52
2024-04-27,Product_C,Electronics,East,250.19,5,19.17
2024-04-28,Product_C,Electronics,East,252.16,24,49.02
2024-04-29,Product_C,Electronics,East,245.03,17,77.35
2024-04-30,Product_C,Electronics,East,239.2,5,49.06
2024-05-01,Product_C,Electronics,East,244.2,12,49.1
2024-05-02,Product_C,Electronics,East,231.13,5,10.81
2024-05-03,Product_C,Electronics,East,220.56,6,65.2
2024-05-04,Product_C,Electronics,East,225.83,6,31.78
2024-05-05,Product_C,Electronics,East,218.2,5,18.23
2024-05-06,Product_C,Electronics,East,217.2,12,88.97
2024-05-07,Product_C,Electronics,East,220.92,5,11.24
2024-05-08,Product_C,Electronics,East,212.98,10,29.3
2024-05-09,Product_C,Electronics,East,216.5,10,32.28
2024-05-10,Product_C,Electronics,East,199.45,15,51.3
2024-05-11,Product_C,Electronics,East,219.46,5,64.61
2024-05-12,Product_C,Electronics,East,216.42,5,17.3
2024-05-13,Product_C,Electronics,East,207.46,4,85.46
2024-05-14,Product_C,Electronics,East,221.6,5,84.07
2024-05-15,Product_C,Electronics,East,223.9,4,58.98
2024-05-16,Product_C,Electronics,East,198.11,10,65.51
2024-05-17,Product_C,Electronics,East,206.36,5,76.41
2024-05-18,Product_C,Electronics,East,206.25,6,16.16
2024-05-19,Product_C,Electronics,East,204.64,8,92.87
2024-05-20,Product_C,Electronics,East,222.57,6,58.45
2024-05-21,Product_C,Electronics,East,212.71,10,43.16
2024-05-22,Product_C,Electronics,East,212.51,4,69.98
2024-05-23,Product_C,Electronics,East,195.75,4,50.89
2024-05-24,Product_C,Electronics,East,222.91,6,32.35
2024-05-25,Product_C,Electronics,East,205.04,5,48.48
2024-05-26,Product_C,Electronics,East,219.02,7,68.44
2024-05-27,Product_C,Electronics,East,222.29,4,15.76
2024-05-28,Product_C,Electronics,East,234.31,5,36.31
2024-05-29,Product_C,Electronics,East,208.9,7,11.97
2024-05-30,Product_C,Electronics,East,193.16,8,55.24
2024-05-31,Product_C,Electronics,East,226.63,18,54.2
2024-06-01,Product_C,Electronics,East,244.3,5,19.49
2024-06-02,Product_C,Electronics,East,240.24,5,46.87
2024-06-03,Product_C,Electronics,East,231.55,6,33.42
2024-06-04,Product_C,Electronics,East,226.18,13,24.44
2024-06-05,Product_C,Electronics,East,240.83,18,26.71
2024-06-06,Product_C,Electronics,East,224.7,6,89.35
2024-06-07,Product_C,Electronics,East,240.88,5,71.66
2024-06-08,Product_C,Electronics,East,242.85,16,36.03
2024-06-09,Product_C,Electronics,East,250.06,11,32.5
2024-06-10,Product_C,Electronics,East,268.69,8,58.2
2024-06-11,Product_C,Electronics,East,246.62,10,41.84
2024-06-12,Product_C,Electronics,East,239.16,5,81.04
2024-06-13,Product_C,Electronics,East,245.5,11,92.24
2024-06-14,Product_C,Electronics,East,229.5,4,39.41
2024-06-15,Product_C,Electronics,East,241.61,9,55.51
2024-06-16,Product_C,Electronics,East,245.75,5,88.87
2024-06-17,Product_C,Electronics,East,245.79,17,45.35
2024-06-18,Product_C,Electronics,East,253.65,7,55.28
2024-06-19,Product_C,Electronics,East,244.89,13,87.29
2024-06-20,Product_C,Electronics,East,265.21,7,85.41
2024-06-21,Product_C,Electronics,East,254.76,5,77.35
2024-06-22,Product_C,Electronics,East,255.3,9,64.95
2024-06-23,Product_C,Electronics,East,252.62,15,70.63
2024-06-24,Product_C,Electronics,East,257.82,15,72.46
2024-06-25,Product_C,Electronics,East,264.76,13,20.58
2024-06-26,Product_C,Electronics,East,247.93,14,10.18
2024-06-27,Product_C,Electronics,East,249.98,6,75.92
2024-06-28,Product_C,Electronics,East,253.33,8,24.52
2024-06-29,Product_C,Electronics,East,242.57,18,11.72
2024-06-30,Product_C,Electronics,East,247.35,14,90.18
2024-07-01,Product_C,Electronics,East,250.15,12,41.88
2024-07-02,Product_C,Electronics,East,262.88,18,30.01
2024-07-03,Product_C,Electronics,East,255.85,8,64.7
2024-07-04,Product_C,Electronics,East,254.1,12,15.2
2024-07-05,Product_C,Electronics,East,259.48,10,31.08
2024-07-06,Product_C,Electronics,East,248.27,13,96.39
2024-07-07,Product_C,Electronics,East,252.09,7,60.12
2024-07-08,Product_C,Electronics,East,245.57,9,48.6
2024-07-09,Product_C,Electronics,East,247.55,7,72.68
2024-07-10,Product_C,Electronics,East,237.26,6,25.45
2024-07-11,Product_C,Electronics,East,216.78,7,47.08
2024-07-12,Product_C,Electronics,East,237.81,5,66.83
2024-07-13,Product_C,Electronics,East,251.28,8,20.39
2024-07-14,Product_C,Electronics,East,244.13,7,20.55
2024-07-15,Product_C,Electronics,East,242.26,10,22.86
2024-07-16,Product_C,Electronics,East,242.64,6,28.56
2024-07-17,Product_C,Electronics,East,228.79,8,90.61
2024-07-18,Product_C,Electronics,East,227.45,12,55.7
2024-07-19,Product_C,Electronics,East,216.84,8,11.63
2024-07-20,Product_C,Electronics,East,217.37,5,16.21
2024-07-21,Product_C,Electronics,East,224.19,7,60.46
2024-07-22,Product_C,Electronics,East,227.57,6,71.98
2024-07-23,Product_C,Electronics,East,211.63,10,10.9
2024-07-24,Product_C,Electronics,East,206.04,5,58.21
2024-07-25,Product_C,Electronics,East,208.09,4,83.92
2024-07-26,Product_C,Electronics,East,211.67,4,53.66
2024-07-27,Product_C,Electronics,East,188.84,8,81.24
2024-07-28,Product_C,Electronics,East,178.0,6,26.51
2024-07-29,Product_C,Electronics,East,193.19,4,89.43
2024-07-30,Product_C,Electronics,East,184.3,6,16.81
2024-07-31,Product_C,Electronics,East,189.33,7,82.32
2024-08-01,Product_C,Electronics,East,190.91,4,28.31
2024-08-02,Product_C,Electronics,East,185.94,14,88.96
2024-08-03,Product_C,Electronics,East,203.19,7,58.76
2024-08-04,Product_C,Electronics,East,190.23,3,15.99
2024-08-05,Product_C,Electronics,East,188.39,5,16.67
2024-08-06,Product_C,Electronics,East,190.14,7,82.34
2024-08-07,Product_C,Electronics,East,171.21,6,99.75
2024-08-08,Product_C,Electronics,East,191.79,5,38.9
2024-08-09,Product_C,Electronics,East,179.58,9,41.55
2024-08-10,Product_C,Electronics,East,186.13,7,16.18
2024-08-11,Product_C,Electronics,East,167.93,6,51.78
2024-08-12,Product_C,Electronics,East,162.48,4,69.11
2024-08-13,Product_C,Electronics,East,185.71,4,10.75
2024-08-14,Product_C,Electronics,East,180.96,9,69.55
2024-08-15,Product_C,Electronics,East,167.98,5,10.48
2024-08-16,Product_C,Electronics,East,168.26,3,79.55
2024-08-17,Product_C,Electronics,East,188.31,5,15.98
2024-08-18,Product_C,Electronics,East,165.39,4,62.53
2024-08-19,Product_C,Electronics,East,194.09,4,77.66
2024-08-20,Product_C,Electronics,East,169.16,4,56.62
2024-08-21,Product_C,Electronics,East,185.19,11,70.4
2024-08-22,Product_C,Electronics,East,176.28,5,76.8
2024-08-23,Product_C,Electronics,East,186.48,11,27.55
2024-08-24,Product_C,Electronics,East,175.99,3,77.5
2024-08-25,Product_C,Electronics,East,180.9,3,78.28
2024-08-26,Product_C,Electronics,East,184.13,5,68.87
2024-08-27,Product_C,Electronics,East,174.98,3,62.09
2024-08-28,Product_C,Electronics,East,193.78,5,24.08
2024-08-29,Product_C,Electronics,East,182.68,6,74.48
2024-08-30,Product_C,Electronics,East,187.02,8,28.2
2024-08-31,Product_C,Electronics,East,180.92,8,31.74
2024-09-01,Product_C,Electronics,East,166.85,8,48.24
2024-09-02,Product_C,Electronics,East,192.2,4,55.64
2024-09-03,Product_C,Electronics,East,219.89,12,16.93
2024-09-04,Product_C,Electronics,East,205.29,5,44.45
2024-09-05,Product_C,Electronics,East,198.94,4,69.36
2024-09-06,Product_C,Electronics,East,198.18,4,34.48
2024-09-07,Product_C,Electronics,East,202.69,5,33.77
2024-09-08,Product_C,Electronics,East,209.58,4,67.27
2024-09-09,Product_C,Electronics,East,193.9,8,34.26
2024-09-10,Product_C,Electronics,East,218.41,12,72.52
2024-09-11,Product_C,Electronics,East,215.92,11,63.58
2024-09-12,Product_C,Electronics,East,217.39,10,69.58
2024-09-13,Product_C,Electronics,East,215.96,5,80.02
2024-09-14,Product_C,Electronics,East,213.05,5,26.9
2024-09-15,Product_C,Electronics,East,220.78,16,72.91
2024-09-16,Product_C,Electronics,East,221.06,8,48.91
2024-09-17,Product_C,Electronics,East,212.59,18,33.36
2024-09-18,Product_C,Electronics,East,211.27,18,89.13
2024-09-19,Product_C,Electronics,East,218.79,11,60.16
2024-09-20,Product_C,Electronics,East,233.9,20,70.02
2024-09-21,Product_C,Electronics,East,206.52,9,90.81
2024-09-22,Product_C,Electronics,East,204.61,4,39.28
2024-09-23,Product_C,Electronics,East,221.17,4,99.65
2024-09-24,Product_C,Electronics,East,220.13,5,86.04
2024-09-25,Product_C,Electronics,East,221.3,11,61.9
2024-09-26,Product_C,Electronics,East,221.82,17,18.54
2024-09-27,Product_C,Electronics,East,216.81,4,39.4
2024-09-28,Product_C,Electronics,East,233.46,5,82.6
2024-09-29,Product_C,Electronics,East,201.92,4,99.79
2024-09-30,Product_C,Electronics,East,208.87,10,13.63
2024-10-01,Product_C,Electronics,East,215.2,8,21.71
2024-10-02,Product_C,Electronics,East,198.75,18,42.44
2024-10-03,Product_C,Electronics,East,212.22,5,60.96
2024-10-04,Product_C,Electronics,East,229.27,10,68.89
2024-10-05,Product_C,Electronics,East,211.4,10,11.29
2024-10-06,Product_C,Electronics,East,211.92,5,66.14
2024-10-07,Product_C,Electronics,East,195.31,4,13.5
2024-10-08,Product_C,Electronics,East,199.94,4,65.76
2024-10-09,Product_C,Electronics,East,200.43,6,66.22
2024-10-10,Product_C,Electronics,East,198.99,4,62.82
2024-10-11,Product_C,Electronics,East,212.88,6,99.16
2024-10-12,Product_C,Electronics,East,203.45,5,49.81
2024-10-13,Product_C,Electronics,East,184.5,4,45.03
2024-10-14,Product_C,Electronics,East,195.76,10,63.72
2024-10-15,Product_C,Electronics,East,195.9,4,93.62
2024-10-16,Product_C,Electronics,East,199.89,8,57.49
2024-10-17,Product_C,Electronics,East,201.84,10,99.61
2024-10-18,Product_C,Electronics,East,173.4,3,68.46
2024-10-19,Product_C,Electronics,East,172.94,4,74.36
2024-10-20,Product_C,Electronics,East,165.97,4,14.8
2024-10-21,Product_C,Electronics,East,173.7,6,70.73
2024-10-22,Product_C,Electronics,East,178.22,4,43.58
2024-10-23,Product_C,Electronics,East,180.97,3,25.06
2024-10-24,Product_C,Electronics,East,167.92,5,72.18
2024-10-25,Product_C,Electronics,East,163.1,4,68.38
2024-10-26,Product_C,Electronics,East,165.49,7,24.06
2024-10-27,Product_C,Electronics,East,153.36,4,63.94
2024-10-28,Product_C,Electronics,East,180.42,10,73.46
2024-10-29,Product_C,Electronics,East,141.34,5,70.1
2024-10-30,Product_C,Electronics,East,157.25,3,25.28
2024-10-31,Product_C,Electronics,East,173.72,16,80.12
2024-11-01,Product_C,Electronics,East,151.74,4,72.97
2024-11-02,Product_C,Electronics,East,148.08,3,82.25
2024-11-03,Product_C,Electronics,East,144.82,2,58.23
2024-11-04,Product_C,Electronics,East,145.13,4,46.17
2024-11-05,Product_C,Electronics,East,159.34,9,61.53
2024-11-06,Product_C,Electronics,East,122.29,5,92.92
2024-11-07,Product_C,Electronics,East,158.69,4,63.36
2024-11-08,Product_C,Electronics,East,128.2,5,14.68
2024-11-09,Product_C,Electronics,East,139.0,12,48.1
2024-11-10,Product_C,Electronics,East,136.74,10,64.62
2024-11-11,Product_C,Electronics,East,146.43,3,89.46
2024-11-12,Product_C,Electronics,East,124.23,3,29.01
2024-11-13,Product_C,Electronics,East,144.64,3,89.75
2024-11-14,Product_C,Electronics,East,160.21,8,76.37
2024-11-15,Product_C,Electronics,East,126.43,5,82.24
2024-11-16,Product_C,Electronics,East,142.2,2,12.7
2024-11-17,Product_C,Electronics,East,134.06,2,66.04
2024-11-18,Product_C,Electronics,East,145.44,2,51.85
2024-11-19,Product_C,Electronics,East,142.01,3,15.62
2024-11-20,Product_C,Electronics,East,136.16,5,16.03
2024-11-21,Product_C,Electronics,East,148.34,3,83.53
2024-11-22,Product_C,Electronics,East,162.49,3,94.42
2024-11-23,Product_C,Electronics,East,143.63,10,44.7
2024-11-24,Product_C,Electronics,East,153.93,11,28.97
2024-11-25,Product_C,Electronics,East,135.09,7,52.22
2024-11-26,Product_C,Electronics,East,139.82,6,19.09
2024-11-27,Product_C,Electronics,East,155.55,9,23.25
2024-11-28,Product_C,Electronics,East,167.16,3,78.34
2024-11-29,Product_C,Electronics,East,157.44,3,49.58
2024-11-30,Product_C,Electronics,East,152.35,7,81.85
2024-12-01,Product_C,Electronics,East,157.11,6,36.94
2024-12-02,Product_C,Electronics,East,146.28,7,21.67
2024-12-03,Product_C,Electronics,East,166.51,8,41.98
2024-12-04,Product_C,Electronics,East,170.97,4,15.63
2024-12-05,Product_C,Electronics,East,159.3,8,82.81
2024-12-06,Product_C,Electronics,East,160.78,10,40.84
2024-12-07,Product_C,Electronics,East,169.78,3,23.94
2024-12-08,Product_C,Electronics,East,164.36,12,53.61
2024-12-09,Product_C,Electronics,East,169.62,7,60.71
2024-12-10,Product_C,Electronics,East,192.78,4,22.34
2024-12-11,Product_C,Electronics,East,170.75,5,55.5
2024-12-12,Product_C,Electronics,East,171.0,10,66.16
2024-12-13,Product_C,Electronics,East,169.39,8,53.91
2024-12-14,Product_C,Electronics,East,184.5,13,51.36
2024-12-15,Product_C,Electronics,East,176.34,7,84.01
2024-12-16,Product_C,Electronics,East,172.65,14,47.67
2024-12-17,Product_C,Electronics,East,193.24,6,75.25
2024-12-18,Product_C,Electronics,East,194.98,5,70.05
2024-12-19,Product_C,Electronics,East,175.42,4,87.6
2024-12-20,Product_C,Electronics,East,163.26,7,58.42
2024-12-21,Product_C,Electronics,East,192.38,4,99.05
2024-12-22,Product_C,Electronics,East,175.69,3,43.43
2024-12-23,Product_C,Electronics,East,190.54,10,54.05
2024-12-24,Product_C,Electronics,East,162.88,4,54.33
2024-12-25,Product_C,Electronics,East,191.32,6,85.44
2024-12-26,Product_C,Electronics,East,169.94,6,87.38
2024-12-27,Product_C,Electronics,East,188.88,7,39.54
2024-12-28,Product_C,Electronics,East,181.08,6,78.62
2024-12-29,Product_C,Electronics,East,170.63,11,27.68
2024-12-30,Product_C,Electronics,East,175.18,3,25.79
2024-12-31,Product_C,Electronics,East,185.05,5,62.14
2024-01-01,Product_D,Home,West,102.19,2,11.46
2024-01-02,Product_D,Home,West,90.14,2,13.61
2024-01-03,Product_D,Home,West,97.58,2,99.28
2024-01-04,Product_D,Home,West,71.34,3,28.93
2024-01-05,Product_D,Home,West,88.26,2,32.77
2024-01-06,Product_D,Home,West,53.7,1,19.26
2024-01-07,Product_D,Home,West,70.44,4,98.12
2024-01-08,Product_D,Home,West,69.03,1,86.22
2024-01-09,Product_D,Home,West,85.84,3,70.88
2024-01-10,Product_D,Home,West,86.25,2,64.28
2024-01-11,Product_D,Home,West,80.43,2,61.78
2024-01-12,Product_D,Home,West,68.1,2,34.83
2024-01-13,Product_D,Home,West,59.89,1,30.36
2024-01-14,Product_D,Home,West,76.61,2,31.0
2024-01-15,Product_D,Home,West,68.95,1,77.24
2024-01-16,Product_D,Home,West,93.93,5,15.39
2024-01-17,Product_D,Home,West,106.8,7,64.54
2024-01-18,Product_D,Home,West,81.38,1,14.05
2024-01-19,Product_D,Home,West,66.31,1,40.72
2024-01-20,Product_D,Home,West,63.07,2,93.6
2024-01-21,Product_D,Home,West,80.07,3,51.88
2024-01-22,Product_D,Home,West,81.94,7,17.34
2024-01-23,Product_D,Home,West,86.42,4,12.51
2024-01-24,Product_D,Home,West,99.46,2,48.38
2024-01-25,Product_D,Home,West,75.49,2,25.72
2024-01-26,Product_D,Home,West,80.31,3,69.74
2024-01-27,Product_D,Home,West,69.46,1,14.54
2024-01-28,Product_D,Home,West,65.19,1,61.92
2024-01-29,Product_D,Home,West,71.61,2,55.03
2024-01-30,Product_D,Home,West,82.86,6,18.09
2024-01-31,Product_D,Home,West,99.97,2,40.69
2024-02-01,Product_D,Home,West,98.8,2,46.59
2024-02-02,Product_D,Home,West,67.12,4,74.32
2024-02-03,Product_D,Home,West,69.96,3,57.29
2024-02-04,Product_D,Home,West,47.4,1,91.02
2024-02-05,Product_D,Home,West,74.15,1,70.87
2024-02-06,Product_D,Home,West,91.42,2,95.13
2024-02-07,Product_D,Home,West,85.53,3,10.1
2024-02-08,Product_D,Home,West,77.14,3,29.61
2024-02-09,Product_D,Home,West,66.81,1,67.03
2024-02-10,Product_D,Home,West,68.3,2,11.46
2024-02-11,Product_D,Home,West,66.4,1,39.12
2024-02-12,Product_D,Home,West,57.62,1,60.09
2024-02-13,Product_D,Home,West,70.52,2,22.11
2024-02-14,Product_D,Home,West,88.56,6,84.84
2024-02-15,Product_D,Home,West,91.09,1,68.48
2024-02-16,Product_D,Home,West,46.02,3,46.18
2024-02-17,Product_D,Home,West,60.38,1,80.18
2024-02-18,Product_D,Home,West,63.01,4,10.0
2024-02-19,Product_D,Home,West,93.88,2,42.09
2024-02-20,Product_D,Home,West,87.88,4,11.16
2024-02-21,Product_D,Home,West,98.45,3,86.6
2024-02-22,Product_D,Home,West,87.92,1,60.92
2024-02-23,Product_D,Home,West,52.19,1,17.66
2024-02-24,Product_D,Home,West,73.06,2,44.2
2024-02-25,Product_D,Home,West,70.43,2,44.99
2024-02-26,Product_D,Home,West,85.08,4,18.55
2024-02-27,Product_D,Home,West,130.99,5,18.7
2024-02-28,Product_D,Home,West,73.78,4,98.86
2024-02-29,Product_D,Home,West,103.76,3,57.87
2024-03-01,Product_D,Home,West,70.62,1,99.6
2024-03-02,Product_D,Home,West,68.25,2,83.12
2024-03-03,Product_D,Home,West,67.82,2,37.52
2024-03-04,Product_D,Home,West,75.76,2,70.53
2024-03-05,Product_D,Home,West,86.03,2,38.37
2024-03-06,Product_D,Home,West,97.92,6,66.92
2024-03-07,Product_D,Home,West,71.34,4,62.06
2024-03-08,Product_D,Home,West,81.0,2,73.06
2024-03-09,Product_D,Home,West,61.21,1,88.56
2024-03-10,Product_D,Home,West,56.97,1,75.72
2024-03-11,Product_D,Home,West,75.5,2,26.8
2024-03-12,Product_D,Home,West,104.3,9,35.61
2024-03-13,Product_D,Home,West,89.27,3,65.54
2024-03-14,Product_D,Home,West,90.09,2,27.66
2024-03-15,Product_D,Home,West,66.18,4,96.71
2024-03-16,Product_D,Home,West,72.96,5,53.06
2024-03-17,Product_D,Home,West,75.13,2,58.72
2024-03-18,Product_D,Home,West,98.49,7,15.13
2024-03-19,Product_D,Home,West,89.97,6,62.7
2024-03-20,Product_D,Home,West,101.31,3,31.04
2024-03-21,Product_D,Home,West,87.49,2,83.81
2024-03-22,Product_D,Home,West,86.45,7,54.83
2024-03-23,Product_D,Home,West,58.19,1,32.71
2024-03-24,Product_D,Home,West,75.72,3,65.23
2024-03-25,Product_D,Home,West,78.05,1,82.89
2024-03-26,Product_D,Home,West,91.09,2,75.72
2024-03-27,Product_D,Home,West,95.54,3,67.69
2024-03-28,Product_D,Home,West,89.03,3,27.09
2024-03-29,Product_D,Home,West,72.33,1,60.08
2024-03-30,Product_D,Home,West,67.52,2,92.02
2024-03-31,Product_D,Home,West,84.05,7,38.42
2024-04-01,Product_D,Home,West,89.85,7,78.99
2024-04-02,Product_D,Home,West,100.42,2,39.82
2024-04-03,Product_D,Home,West,90.07,2,45.63
2024-04-04,Product_D,Home,West,77.62,1,50.88
2024-04-05,Product_D,Home,West,83.04,3,94.13
2024-04-06,Product_D,Home,West,74.14,3,20.84
2024-04-07,Product_D,Home,West,83.0,2,97.24
2024-04-08,Product_D,Home,West,73.96,2,15.58
2024-04-09,Product_D,Home,West,89.43,3,55.53
2024-04-10,Product_D,Home,West,78.23,4,69.23
2024-04-11,Product_D,Home,West,82.58,1,50.66
2024-04-12,Product_D,Home,West,83.46,3,46.06
2024-04-13,Product_D,Home,West,60.71,4,89.49
2024-04-14,Product_D,Home,West,74.68,2,44.85
2024-04-15,Product_D,Home,West,78.09,2,49.78
2024-04-16,Product_D,Home,West,94.97,2,15.53
2024-04-17,Product_D,Home,West,83.15,1,94.65
2024-04-18,Product_D,Home,West,87.36,2,95.91
2024-04-19,Product_D,Home,West,43.58,2,52.97
2024-04-20,Product_D,Home,West,63.51,1,62.36
2024-04-21,Product_D,Home,West,51.97,1,40.43
2024-04-22,Product_D,Home,West,92.06,6,45.26
2024-04-23,Product_D,Home,West,99.5,6,76.09
2024-04-24,Product_D,Home,West,99.29,5,15.27
2024-04-25,Product_D,Home,West,101.72,3,63.57
2024-04-26,Product_D,Home,West,64.0,1,61.93
2024-04-27,Product_D,Home,West,82.85,3,82.27
2024-04-28,Product_D,Home,West,77.59,2,17.14
2024-04-29,Product_D,Home,West,77.63,2,91.72
2024-04-30,Product_D,Home,West,103.08,3,36.67
2024-05-01,Product_D,Home,West,83.56,5,23.63
2024-05-02,Product_D,Home,West,78.26,2,63.61
2024-05-03,Product_D,Home,West,67.41,5,94.56
2024-05-04,Product_D,Home,West,60.09,1,62.8
2024-05-05,Product_D,Home,West,57.71,1,17.22
2024-05-06,Product_D,Home,West,92.23,3,66.71
2024-05-07,Product_D,Home,West,89.14,2,80.51
2024-05-08,Product_D,Home,West,98.15,4,94.68
2024-05-09,Product_D,Home,West,80.8,5,88.76
2024-05-10,Product_D,Home,West,55.29,1,25.94
2024-05-11,Product_D,Home,West,68.08,1,13.63
2024-05-12,Product_D,Home,West,49.15,1,56.47
2024-05-13,Product_D,Home,West,79.31,2,94.23
2024-05-14,Product_D,Home,West,78.04,2,53.32
2024-05-15,Product_D,Home,West,114.5,2,95.55
2024-05-16,Product_D,Home,West,95.62,8,98.43
2024-05-17,Product_D,Home,West,74.55,5,83.29
2024-05-18,Product_D,Home,West,78.01,3,21.9
2024-05-19,Product_D,Home,West,59.81,2,67.96
2024-05-20,Product_D,Home,West,85.43,3,14.91
2024-05-21,Product_D,Home,West,93.73,2,91.22
2024-05-22,Product_D,Home,West,97.26,3,29.47
2024-05-23,Product_D,Home,West,99.23,3,14.35
2024-05-24,Product_D,Home,West,80.82,1,84.37
2024-05-25,Product_D,Home,West,68.26,2,41.78
2024-05-26,Product_D,Home,West,51.72,1,59.92
2024-05-27,Product_D,Home,West,70.4,1,66.83
2024-05-28,Product_D,Home,West,90.5,2,63.87
2024-05-29,Product_D,Home,West,95.56,3,96.22
2024-05-30,Product_D,Home,West,75.21,2,64.46
2024-05-31,Product_D,Home,West,97.61,5,66.31
2024-06-01,Product_D,Home,West,80.54,2,26.64
2024-06-02,Product_D,Home,West,74.29,5,64.39
2024-06-03,Product_D,Home,West,80.72,1,57.11
2024-06-04,Product_D,Home,West,89.61,4,69.99
2024-06-05,Product_D,Home,West,85.1,6,49.77
2024-06-06,Product_D,Home,West,87.28,5,26.6
2024-06-07,Product_D,Home,West,76.07,4,44.8
2024-06-08,Product_D,Home,West,52.96,4,45.8
2024-06-09,Product_D,Home,West,71.61,2,53.5
2024-06-10,Product_D,Home,West,78.45,3,85.52
2024-06-11,Product_D,Home,West,72.65,4,55.51
2024-06-12,Product_D,Home,West,86.02,6,16.4
2024-06-13,Product_D,Home,West,82.37,2,60.94
2024-06-14,Product_D,Home,West,92.37,2,60.21
2024-06-15,Product_D,Home,West,70.94,1,14.38
2024-06-16,Product_D,Home,West,54.92,3,13.97
2024-06-17,Product_D,Home,West,84.86,4,58.71
2024-06-18,Product_D,Home,West,76.25,2,14.1
2024-06-19,Product_D,Home,West,105.45,2,85.79
2024-06-20,Product_D,Home,West,81.8,3,16.95
2024-06-21,Product_D,Home,West,72.56,4,21.42
2024-06-22,Product_D,Home,West,78.63,5,56.67
2024-06-23,Product_D,Home,West,55.4,2,42.23
2024-06-24,Product_D,Home,West,66.03,1,71.59
2024-06-25,Product_D,Home,West,85.89,1,22.83
2024-06-26,Product_D,Home,West,105.01,4,59.93
2024-06-27,Product_D,Home,West,71.31,5,10.38
2024-06-28,Product_D,Home,West,45.17,1,67.76
2024-06-29,Product_D,Home,West,60.86,2,54.07
2024-06-30,Product_D,Home,West,73.79,2,12.16
2024-07-01,Product_D,Home,West,92.0,3,25.94
2024-07-02,Product_D,Home,West,87.1,6,96.1
2024-07-03,Product_D,Home,West,90.51,2,75.58
2024-07-04,Product_D,Home,West,98.05,4,45.38
2024-07-05,Product_D,Home,West,54.79,2,18.73
2024-07-06,Product_D,Home,West,61.49,3,81.78
2024-07-07,Product_D,Home,West,70.18,1,59.22
2024-07-08,Product_D,Home,West,84.49,2,93.02
2024-07-09,Product_D,Home,West,86.63,6,35.25
2024-07-10,Product_D,Home,West,94.97,3,80.42
2024-07-11,Product_D,Home,West,61.62,1,31.66
2024-07-12,Product_D,Home,West,66.91,1,84.76
2024-07-13,Product_D,Home,West,69.91,3,45.94
2024-07-14,Product_D,Home,West,58.45,2,98.04
2024-07-15,Product_D,Home,West,80.59,4,81.92
2024-07-16,Product_D,Home,West,96.2,4,75.78
2024-07-17,Product_D,Home,West,91.2,3,62.05
2024-07-18,Product_D,Home,West,88.21,2,82.37
2024-07-19,Product_D,Home,West,63.86,1,15.37
2024-07-20,Product_D,Home,West,63.31,1,22.6
2024-07-21,Product_D,Home,West,74.37,2,59.37
2024-07-22,Product_D,Home,West,81.57,3,56.77
2024-07-23,Product_D,Home,West,85.86,1,22.17
2024-07-24,Product_D,Home,West,96.87,2,45.64
2024-07-25,Product_D,Home,West,93.65,6,24.29
2024-07-26,Product_D,Home,West,52.99,1,89.16
2024-07-27,Product_D,Home,West,76.97,1,99.24
2024-07-28,Product_D,Home,West,64.91,3,41.99
2024-07-29,Product_D,Home,West,84.25,2,53.54
2024-07-30,Product_D,Home,West,103.7,3,42.2
2024-07-31,Product_D,Home,West,80.91,2,61.8
2024-08-01,Product_D,Home,West,79.41,4,52.46
2024-08-02,Product_D,Home,West,70.61,2,61.33
2024-08-03,Product_D,Home,West,57.54,3,76.8
2024-08-04,Product_D,Home,West,85.62,7,41.93
2024-08-05,Product_D,Home,West,71.43,1,60.75
2024-08-06,Product_D,Home,West,86.17,4,72.55
2024-08-07,Product_D,Home,West,96.67,2,81.66
2024-08-08,Product_D,Home,West,74.49,1,64.91
2024-08-09,Product_D,Home,West,69.53,2,21.99
2024-08-10,Product_D,Home,West,68.55,3,47.72
2024-08-11,Product_D,Home,West,64.94,1,56.23
2024-08-12,Product_D,Home,West,79.07,3,10.58
2024-08-13,Product_D,Home,West,86.43,2,35.71
2024-08-14,Product_D,Home,West,79.48,2,12.16
2024-08-15,Product_D,Home,West,89.72,2,94.73
2024-08-16,Product_D,Home,West,91.04,5,52.45
2024-08-17,Product_D,Home,West,65.56,4,66.31
2024-08-18,Product_D,Home,West,70.53,2,46.66
2024-08-19,Product_D,Home,West,86.93,2,90.69
2024-08-20,Product_D,Home,West,79.03,4,12.03
2024-08-21,Product_D,Home,West,111.65,2,61.94
2024-08-22,Product_D,Home,West,88.53,1,63.73
2024-08-23,Product_D,Home,West,89.81,2,48.67
2024-08-24,Product_D,Home,West,58.05,1,92.17
2024-08-25,Product_D,Home,West,86.45,2,26.27
2024-08-26,Product_D,Home,West,87.75,4,27.88
2024-08-27,Product_D,Home,West,97.26,4,37.58
2024-08-28,Product_D,Home,West,96.96,3,62.92
2024-08-29,Product_D,Home,West,84.02,3,65.39
2024-08-30,Product_D,Home,West,85.5,6,17.9
2024-08-31,Product_D,Home,West,66.78,3,56.63
2024-09-01,Product_D,Home,West,48.6,2,35.5
2024-09-02,Product_D,Home,West,68.83,2,83.07
2024-09-03,Product_D,Home,West,89.87,8,68.44
2024-09-04,Product_D,Home,West,97.72,2,81.88
2024-09-05,Product_D,Home,West,85.94,1,11.81
2024-09-06,Product_D,Home,West,85.68,5,89.76
2024-09-07,Product_D,Home,West,45.87,1,60.81
2024-09-08,Product_D,Home,West,69.71,1,71.12
2024-09-09,Product_D,Home,West,61.82,1,99.73
2024-09-10,Product_D,Home,West,99.32,2,35.85
2024-09-11,Product_D,Home,West,93.68,2,14.43
2024-09-12,Product_D,Home,West,90.7,4,90.76
2024-09-13,Product_D,Home,West,64.85,3,29.86
2024-09-14,Product_D,Home,West,78.17,5,87.32
2024-09-15,Product_D,Home,West,78.69,2,70.74
2024-09-16,Product_D,Home,West,85.84,4,78.22
2024-09-17,Product_D,Home,West,90.43,2,38.13
2024-09-18,Product_D,Home,West,100.42,3,28.87
2024-09-19,Product_D,Home,West,79.44,1,68.1
2024-09-20,Product_D,Home,West,82.05,1,37.3
2024-09-21,Product_D,Home,West,81.87,1,78.93
2024-09-22,Product_D,Home,West,78.98,2,96.91
2024-09-23,Product_D,Home,West,72.7,2,21.76
2024-09-24,Product_D,Home,West,95.34,2,75.64
2024-09-25,Product_D,Home,West,81.69,2,28.61
2024-09-26,Product_D,Home,West,92.23,3,38.1
2024-09-27,Product_D,Home,West,78.0,2,68.07
2024-09-28,Product_D,Home,West,46.68,1,30.9
2024-09-29,Product_D,Home,West,56.65,2,34.22
2024-09-30,Product_D,Home,West,77.17,4,80.5
2024-10-01,Product_D,Home,West,88.72,1,43.32
2024-10-02,Product_D,Home,West,82.53,2,90.73
2024-10-03,Product_D,Home,West,90.4,2,26.45
2024-10-04,Product_D,Home,West,76.01,1,43.9
2024-10-05,Product_D,Home,West,63.43,2,15.62
2024-10-06,Product_D,Home,West,60.71,2,19.81
2024-10-07,Product_D,Home,West,90.49,4,38.52
2024-10-08,Product_D,Home,West,108.28,2,88.79
2024-10-09,Product_D,Home,West,89.79,4,87.28
2024-10-10,Product_D,Home,West,80.39,1,78.82
2024-10-11,Product_D,Home,West,78.4,4,72.13
2024-10-12,Product_D,Home,West,61.8,1,71.43
2024-10-13,Product_D,Home,West,66.88,2,55.05
2024-10-14,Product_D,Home,West,87.4,2,55.95
2024-10-15,Product_D,Home,West,72.63,4,38.09
2024-10-16,Product_D,Home,West,107.81,2,87.53
2024-10-17,Product_D,Home,West,87.24,5,95.71
2024-10-18,Product_D,Home,West,69.38,2,69.61
2024-10-19,Product_D,Home,West,64.48,1,83.08
2024-10-20,Product_D,Home,West,67.9,1,38.16
2024-10-21,Product_D,Home,West,62.69,1,21.85
2024-10-22,Product_D,Home,West,106.68,2,76.78
2024-10-23,Product_D,Home,West,95.04,2,32.71
2024-10-24,Product_D,Home,West,90.94,2,25.2
2024-10-25,Product_D,Home,West,83.01,6,74.57
2024-10-26,Product_D,Home,West,55.16,1,86.42
2024-10-27,Product_D,Home,West,73.01,2,25.15
2024-10-28,Product_D,Home,West,77.32,1,59.4
2024-10-29,Product_D,Home,West,100.2,5,74.83
2024-10-30,Product_D,Home,West,73.35,2,64.39
2024-10-31,Product_D,Home,West,85.52,3,84.58
2024-11-01,Product_D,Home,West,67.46,1,73.84
2024-11-02,Product_D,Home,West,69.7,4,85.5
2024-11-03,Product_D,Home,West,72.97,1,72.73
2024-11-04,Product_D,Home,West,72.92,2,89.14
2024-11-05,Product_D,Home,West,84.61,2,20.13
2024-11-06,Product_D,Home,West,93.52,3,89.77
2024-11-07,Product_D,Home,West,77.54,6,96.53
2024-11-08,Product_D,Home,West,81.91,2,66.82
2024-11-09,Product_D,Home,West,61.68,2,32.39
2024-11-10,Product_D,Home,West,39.2,0,36.84
2024-11-11,Product_D,Home,West,76.25,1,45.38
2024-11-12,Product_D,Home,West,81.34,5,10.96
2024-11-13,Product_D,Home,West,78.31,2,97.82
2024-11-14,Product_D,Home,West,74.13,2,42.15
2024-11-15,Product_D,Home,West,74.59,3,56.85
2024-11-16,Product_D,Home,West,78.66,2,89.19
2024-11-17,Product_D,Home,West,71.4,2,55.7
2024-11-18,Product_D,Home,West,73.93,4,98.45
2024-11-19,Product_D,Home,West,96.29,4,16.6
2024-11-20,Product_D,Home,West,90.03,2,63.58
2024-11-21,Product_D,Home,West,79.56,2,48.0
2024-11-22,Product_D,Home,West,61.95,1,27.61
2024-11-23,Product_D,Home,West,47.86,1,68.39
2024-11-24,Product_D,Home,West,64.37,2,51.22
2024-11-25,Product_D,Home,West,81.58,4,77.69
2024-11-26,Product_D,Home,West,90.76,2,38.88
2024-11-27,Product_D,Home,West,90.46,2,99.62
2024-11-28,Product_D,Home,West,77.05,2,92.86
2024-11-29,Product_D,Home,West,79.57,3,14.93
2024-11-30,Product_D,Home,West,52.2,2,47.68
2024-12-01,Product_D,Home,West,76.03,4,10.02
2024-12-02,Product_D,Home,West,69.98,1,85.95
2024-12-03,Product_D,Home,West,84.2,2,25.1
2024-12-04,Product_D,Home,West,79.96,5,16.08
2024-12-05,Product_D,Home,West,81.49,2,93.59
2024-12-06,Product_D,Home,West,83.24,3,20.72
2024-12-07,Product_D,Home,West,70.53,2,41.39
2024-12-08,Product_D,Home,West,78.06,3,65.92
2024-12-09,Product_D,Home,West,85.22,2,19.95
2024-12-10,Product_D,Home,West,80.69,7,99.49
2024-12-11,Product_D,Home,West,91.32,4,14.84
2024-12-12,Product_D,Home,West,78.71,4,13.51
2024-12-13,Product_D,Home,West,86.8,3,82.22
2024-12-14,Product_D,Home,West,53.41,2,49.98
2024-12-15,Product_D,Home,West,77.21,2,55.8
2024-12-16,Product_D,Home,West,88.93,2,87.94
2024-12-17,Product_D,Home,West,110.02,10,80.02
2024-12-18,Product_D,Home,West,90.53,3,99.0
2024-12-19,Product_D,Home,West,93.63,3,98.82
2024-12-20,Product_D,Home,West,96.31,2,32.37
2024-12-21,Product_D,Home,West,59.2,1,99.29
2024-12-22,Product_D,Home,West,52.92,1,18.76
2024-12-23,Product_D,Home,West,61.2,1,41.1
2024-12-24,Product_D,Home,West,98.85,9,46.31
2024-12-25,Product_D,Home,West,75.79,3,83.7
2024-12-26,Product_D,Home,West,82.79,3,84.48
2024-12-27,Product_D,Home,West,77.86,7,37.7
2024-12-28,Product_D,Home,West,67.23,3,31.02
2024-12-29,Product_D,Home,West,72.53,5,26.84
2024-12-30,Product_D,Home,West,82.22,2,36.22
2024-12-31,Product_D,Home,West,104.52,3,43.92
2024-01-01,Product_E,Clothing,Central,101.79,2,37.14
2024-01-02,Product_E,Clothing,Central,170.39,9,37.34
2024-01-03,Product_E,Clothing,Central,198.14,14,22.95
2024-01-04,Product_E,Clothing,Central,186.39,13,48.06
2024-01-05,Product_E,Clothing,Central,153.7,3,22.72
2024-01-06,Product_E,Clothing,Central,156.23,10,67.91
2024-01-07,Product_E,Clothing,Central,218.79,12,18.78
2024-01-08,Product_E,Clothing,Central,190.21,11,93.14
2024-01-09,Product_E,Clothing,Central,214.61,5,41.87
2024-01-10,Product_E,Clothing,Central,158.35,4,58.35
2024-01-11,Product_E,Clothing,Central,218.51,5,71.44
2024-01-12,Product_E,Clothing,Central,251.47,7,33.95
2024-01-13,Product_E,Clothing,Central,230.36,19,51.0
2024-01-14,Product_E,Clothing,Central,180.51,3,61.25
2024-01-15,Product_E,Clothing,Central,205.71,4,99.25
2024-01-16,Product_E,Clothing,Central,193.27,11,72.26
2024-01-17,Product_E,Clothing,Central,202.64,5,98.2
2024-01-18,Product_E,Clothing,Central,194.1,3,71.8
2024-01-19,Product_E,Clothing,Central,193.21,9,81.87
2024-01-20,Product_E,Clothing,Central,192.72,13,80.26
2024-01-21,Product_E,Clothing,Central,158.68,3,44.46
2024-01-22,Product_E,Clothing,Central,170.18,4,48.71
2024-01-23,Product_E,Clothing,Central,144.5,5,37.93
2024-01-24,Product_E,Clothing,Central,136.68,3,94.26
2024-01-25,Product_E,Clothing,Central,164.46,3,25.73
2024-01-26,Product_E,Clothing,Central,202.68,4,76.37
2024-01-27,Product_E,Clothing,Central,152.42,7,16.06
2024-01-28,Product_E,Clothing,Central,222.64,10,92.1
2024-01-29,Product_E,Clothing,Central,200.38,5,74.89
2024-01-30,Product_E,Clothing,Central,115.57,5,74.74
2024-01-31,Product_E,Clothing,Central,228.55,20,43.78
2024-02-01,Product_E,Clothing,Central,241.59,6,23.15
2024-02-02,Product_E,Clothing,Central,164.54,3,31.15
2024-02-03,Product_E,Clothing,Central,224.4,6,46.47
2024-02-04,Product_E,Clothing,Central,188.53,5,19.67
2024-02-05,Product_E,Clothing,Central,205.27,19,91.86
2024-02-06,Product_E,Clothing,Central,157.14,7,83.77
2024-02-07,Product_E,Clothing,Central,128.25,2,29.03
2024-02-08,Product_E,Clothing,Central,181.43,8,69.66
2024-02-09,Product_E,Clothing,Central,194.54,4,92.42
2024-02-10,Product_E,Clothing,Central,184.78,6,81.56
2024-02-11,Product_E,Clothing,Central,161.85,10,97.97
2024-02-12,Product_E,Clothing,Central,213.25,4,24.74
2024-02-13,Product_E,Clothing,Central,209.5,9,19.01
2024-02-14,Product_E,Clothing,Central,200.07,9,83.44
2024-02-15,Product_E,Clothing,Central,212.83,8,17.96
2024-02-16,Product_E,Clothing,Central,183.45,7,98.32
2024-02-17,Product_E,Clothing,Central,255.94,7,47.45
2024-02-18,Product_E,Clothing,Central,172.37,10,98.76
2024-02-19,Product_E,Clothing,Central,201.95,4,35.33
2024-02-20,Product_E,Clothing,Central,230.26,17,15.1
2024-02-21,Product_E,Clothing,Central,221.26,14,62.27
2024-02-22,Product_E,Clothing,Central,210.0,4,54.71
2024-02-23,Product_E,Clothing,Central,170.47,3,50.13
2024-02-24,Product_E,Clothing,Central,218.76,5,75.87
2024-02-25,Product_E,Clothing,Central,156.33,9,42.51
2024-02-26,Product_E,Clothing,Central,171.3,4,16.36
2024-02-27,Product_E,Clothing,Central,181.0,7,58.13
2024-02-28,Product_E,Clothing,Central,247.6,4,52.71
2024-02-29,Product_E,Clothing,Central,213.58,5,48.89
2024-03-01,Product_E,Clothing,Central,170.6,4,63.59
2024-03-02,Product_E,Clothing,Central,189.68,4,46.98
2024-03-03,Product_E,Clothing,Central,188.86,5,66.7
2024-03-04,Product_E,Clothing,Central,151.69,5,22.99
2024-03-05,Product_E,Clothing,Central,239.35,17,11.5
2024-03-06,Product_E,Clothing,Central,142.77,3,31.28
2024-03-07,Product_E,Clothing,Central,270.83,14,76.24
2024-03-08,Product_E,Clothing,Central,236.93,10,55.54
2024-03-09,Product_E,Clothing,Central,260.93,15,96.38
2024-03-10,Product_E,Clothing,Central,172.34,3,87.74
2024-03-11,Product_E,Clothing,Central,204.05,7,78.61
2024-03-12,Product_E,Clothing,Central,157.98,10,10.78
2024-03-13,Product_E,Clothing,Central,207.44,19,62.79
2024-03-14,Product_E,Clothing,Central,224.93,7,56.62
2024-03-15,Product_E,Clothing,Central,265.22,25,48.04
2024-03-16,Product_E,Clothing,Central,147.95,3,49.84
2024-03-17,Product_E,Clothing,Central,171.87,4,30.97
2024-03-18,Product_E,Clothing,Central,212.94,5,62.96
2024-03-19,Product_E,Clothing,Central,154.8,8,31.3
2024-03-20,Product_E,Clothing,Central,246.26,7,84.69
2024-03-21,Product_E,Clothing,Central,168.27,6,33.25
2024-03-22,Product_E,Clothing,Central,208.48,4,70.23
2024-03-23,Product_E,Clothing,Central,211.84,7,53.91
2024-03-24,Product_E,Clothing,Central,183.99,10,66.41
2024-03-25,Product_E,Clothing,Central,213.99,8,99.61
2024-03-26,Product_E,Clothing,Central,203.11,6,53.73
2024-03-27,Product_E,Clothing,Central,181.2,5,92.51
2024-03-28,Product_E,Clothing,Central,196.34,4,50.6
2024-03-29,Product_E,Clothing,Central,218.73,5,62.76
2024-03-30,Product_E,Clothing,Central,283.38,9,27.31
2024-03-31,Product_E,Clothing,Central,202.29,7,32.12
2024-04-01,Product_E,Clothing,Central,240.52,5,40.19
2024-04-02,Product_E,Clothing,Central,171.34,3,57.97
2024-04-03,Product_E,Clothing,Central,215.58,6,58.86
2024-04-04,Product_E,Clothing,Central,183.51,12,43.82
2024-04-05,Product_E,Clothing,Central,153.15,10,66.07
2024-04-06,Product_E,Clothing,Central,165.16,5,80.02
2024-04-07,Product_E,Clothing,Central,269.88,14,24.81
2024-04-08,Product_E,Clothing,Central,245.53,9,93.39
2024-04-09,Product_E,Clothing,Central,230.27,5,47.7
2024-04-10,Product_E,Clothing,Central,152.64,4,17.58
2024-04-11,Product_E,Clothing,Central,190.55,3,69.98
2024-04-12,Product_E,Clothing,Central,227.68,10,62.72
2024-04-13,Product_E,Clothing,Central,243.09,16,96.93
2024-04-14,Product_E,Clothing,Central,145.42,8,68.32
2024-04-15,Product_E,Clothing,Central,178.2,8,74.58
2024-04-16,Product_E,Clothing,Central,222.71,5,70.61
2024-04-17,Product_E,Clothing,Central,238.22,6,90.32
2024-04-18,Product_E,Clothing,Central,129.04,9,39.78
2024-04-19,Product_E,Clothing,Central,197.53,9,98.92
2024-04-20,Product_E,Clothing,Central,223.13,8,75.94
2024-04-21,Product_E,Clothing,Central,259.54,6,29.09
2024-04-22,Product_E,Clothing,Central,234.7,11,35.32
2024-04-23,Product_E,Clothing,Central,253.03,9,31.09
2024-04-24,Product_E,Clothing,Central,182.7,16,89.15
2024-04-25,Product_E,Clothing,Central,130.56,2,40.74
2024-04-26,Product_E,Clothing,Central,210.14,8,10.64
2024-04-27,Product_E,Clothing,Central,253.22,6,84.29
2024-04-28,Product_E,Clothing,Central,279.5,17,24.37
2024-04-29,Product_E,Clothing,Central,241.81,5,65.47
2024-04-30,Product_E,Clothing,Central,233.01,19,66.03
2024-05-01,Product_E,Clothing,Central,236.7,10,43.19
2024-05-02,Product_E,Clothing,Central,197.38,4,82.98
2024-05-03,Product_E,Clothing,Central,191.69,7,95.24
2024-05-04,Product_E,Clothing,Central,272.54,10,79.47
2024-05-05,Product_E,Clothing,Central,188.72,6,90.78
2024-05-06,Product_E,Clothing,Central,280.53,6,17.87
2024-05-07,Product_E,Clothing,Central,199.28,4,84.3
2024-05-08,Product_E,Clothing,Central,256.97,6,28.08
2024-05-09,Product_E,Clothing,Central,150.6,3,86.51
2024-05-10,Product_E,Clothing,Central,221.03,10,95.7
2024-05-11,Product_E,Clothing,Central,187.46,15,23.49
2024-05-12,Product_E,Clothing,Central,155.49,4,61.82
2024-05-13,Product_E,Clothing,Central,217.29,6,11.53
2024-05-14,Product_E,Clothing,Central,258.05,5,14.01
2024-05-15,Product_E,Clothing,Central,188.34,11,11.26
2024-05-16,Product_E,Clothing,Central,179.6,5,93.9
2024-05-17,Product_E,Clothing,Central,199.97,5,84.04
2024-05-18,Product_E,Clothing,Central,227.0,21,58.78
2024-05-19,Product_E,Clothing,Central,250.7,8,54.91
2024-05-20,Product_E,Clothing,Central,249.37,19,71.6
2024-05-21,Product_E,Clothing,Central,218.97,7,78.86
2024-05-22,Product_E,Clothing,Central,289.1,9,23.44
2024-05-23,Product_E,Clothing,Central,230.42,6,25.51
2024-05-24,Product_E,Clothing,Central,220.96,4,65.18
2024-05-25,Product_E,Clothing,Central,161.46,9,96.61
2024-05-26,Product_E,Clothing,Central,214.58,6,16.56
2024-05-27,Product_E,Clothing,Central,202.38,5,32.79
2024-05-28,Product_E,Clothing,Central,243.85,5,83.6
2024-05-29,Product_E,Clothing,Central,236.83,4,55.17
2024-05-30,Product_E,Clothing,Central,185.44,6,77.81
2024-05-31,Product_E,Clothing,Central,212.3,13,59.22
2024-06-01,Product_E,Clothing,Central,237.13,7,18.05
2024-06-02,Product_E,Clothing,Central,283.34,10,86.8
2024-06-03,Product_E,Clothing,Central,246.75,5,18.93
2024-06-04,Product_E,Clothing,Central,243.74,17,33.64
2024-06-05,Product_E,Clothing,Central,219.54,4,21.6
2024-06-06,Product_E,Clothing,Central,223.38,5,19.1
2024-06-07,Product_E,Clothing,Central,261.88,7,42.05
2024-06-08,Product_E,Clothing,Central,175.5,4,31.03
2024-06-09,Product_E,Clothing,Central,194.87,5,31.21
2024-06-10,Product_E,Clothing,Central,175.17,4,88.63
2024-06-11,Product_E,Clothing,Central,231.06,15,87.99
2024-06-12,Product_E,Clothing,Central,278.86,8,21.44
2024-06-13,Product_E,Clothing,Central,196.62,7,24.48
2024-06-14,Product_E,Clothing,Central,122.34,3,78.3
2024-06-15,Product_E,Clothing,Central,206.69,14,55.55
2024-06-16,Product_E,Clothing,Central,241.96,5,94.25
2024-06-17,Product_E,Clothing,Central,249.47,8,95.53
2024-06-18,Product_E,Clothing,Central,244.11,7,45.48
2024-06-19,Product_E,Clothing,Central,207.99,4,54.37
2024-06-20,Product_E,Clothing,Central,182.32,6,54.13
2024-06-21,Product_E,Clothing,Central,232.9,5,84.87
2024-06-22,Product_E,Clothing,Central,201.61,7,40.0
2024-06-23,Product_E,Clothing,Central,312.74,10,61.55
2024-06-24,Product_E,Clothing,Central,243.43,12,81.46
2024-06-25,Product_E,Clothing,Central,200.68,6,40.06
2024-06-26,Product_E,Clothing,Central,198.72,13,31.5
2024-06-27,Product_E,Clothing,Central,232.87,4,37.46
2024-06-28,Product_E,Clothing,Central,204.17,12,51.46
2024-06-29,Product_E,Clothing,Central,261.71,11,13.16
2024-06-30,Product_E,Clothing,Central,242.61,10,58.97
2024-07-01,Product_E,Clothing,Central,189.71,5,42.09
2024-07-02,Product_E,Clothing,Central,309.69,11,96.9
2024-07-03,Product_E,Clothing,Central,244.17,9,33.24
2024-07-04,Product_E,Clothing,Central,252.08,12,51.2
2024-07-05,Product_E,Clothing,Central,207.96,5,28.54
2024-07-06,Product_E,Clothing,Central,228.6,5,11.9
2024-07-07,Product_E,Clothing,Central,245.75,9,79.83
2024-07-08,Product_E,Clothing,Central,152.3,6,60.74
2024-07-09,Product_E,Clothing,Central,311.37,17,76.78
2024-07-10,Product_E,Clothing,Central,271.33,22,86.73
2024-07-11,Product_E,Clothing,Central,193.8,10,88.7
2024-07-12,Product_E,Clothing,Central,187.38,7,75.04
2024-07-13,Product_E,Clothing,Central,219.84,9,91.53
2024-07-14,Product_E,Clothing,Central,227.01,15,26.07
2024-07-15,Product_E,Clothing,Central,250.49,8,17.37
2024-07-16,Product_E,Clothing,Central,236.57,13,94.94
2024-07-17,Product_E,Clothing,Central,266.86,5,43.86
2024-07-18,Product_E,Clothing,Central,295.4,6,59.03
2024-07-19,Product_E,Clothing,Central,243.58,11,73.22
2024-07-20,Product_E,Clothing,Central,185.82,5,99.02
2024-07-21,Product_E,Clothing,Central,281.7,13,70.49
2024-07-22,Product_E,Clothing,Central,277.61,22,20.23
2024-07-23,Product_E,Clothing,Central,344.62,33,99.95
2024-07-24,Product_E,Clothing,Central,177.53,4,80.81
2024-07-25,Product_E,Clothing,Central,217.57,7,37.01
2024-07-26,Product_E,Clothing,Central,145.55,9,35.62
2024-07-27,Product_E,Clothing,Central,248.13,9,78.07
2024-07-28,Product_E,Clothing,Central,189.97,6,16.97
2024-07-29,Product_E,Clothing,Central,309.75,28,19.21
2024-07-30,Product_E,Clothing,Central,205.08,7,93.99
2024-07-31,Product_E,Clothing,Central,163.74,4,82.16
2024-08-01,Product_E,Clothing,Central,207.09,7,42.55
2024-08-02,Product_E,Clothing,Central,156.21,10,88.83
2024-08-03,Product_E,Clothing,Central,266.3,6,25.13
2024-08-04,Product_E,Clothing,Central,150.06,4,53.86
2024-08-05,Product_E,Clothing,Central,222.62,6,95.16
2024-08-06,Product_E,Clothing,Central,149.52,4,58.62
2024-08-07,Product_E,Clothing,Central,229.14,19,15.66
2024-08-08,Product_E,Clothing,Central,289.91,16,12.92
2024-08-09,Product_E,Clothing,Central,265.68,6,75.1
2024-08-10,Product_E,Clothing,Central,190.61,12,85.25
2024-08-11,Product_E,Clothing,Central,229.62,14,37.11
2024-08-12,Product_E,Clothing,Central,224.68,11,43.51
2024-08-13,Product_E,Clothing,Central,251.96,12,54.01
2024-08-14,Product_E,Clothing,Central,158.86,6,98.79
2024-08-15,Product_E,Clothing,Central,249.34,20,22.8
2024-08-16,Product_E,Clothing,Central,112.14,9,66.33
2024-08-17,Product_E,Clothing,Central,207.53,17,85.28
2024-08-18,Product_E,Clothing,Central,221.92,7,57.43
2024-08-19,Product_E,Clothing,Central,263.44,8,25.37
2024-08-20,Product_E,Clothing,Central,208.97,11,38.69
2024-08-21,Product_E,Clothing,Central,196.12,5,28.91
2024-08-22,Product_E,Clothing,Central,195.61,13,97.31
2024-08-23,Product_E,Clothing,Central,232.37,21,82.24
2024-08-24,Product_E,Clothing,Central,230.74,5,36.75
2024-08-25,Product_E,Clothing,Central,211.06,13,23.11
2024-08-26,Product_E,Clothing,Central,206.7,5,67.85
2024-08-27,Product_E,Clothing,Central,262.57,6,94.37
2024-08-28,Product_E,Clothing,Central,206.09,5,24.03
2024-08-29,Product_E,Clothing,Central,225.45,11,85.8
2024-08-30,Product_E,Clothing,Central,313.09,17,16.53
2024-08-31,Product_E,Clothing,Central,162.01,4,46.23
2024-09-01,Product_E,Clothing,Central,160.81,3,68.52
2024-09-02,Product_E,Clothing,Central,270.76,19,95.31
2024-09-03,Product_E,Clothing,Central,211.7,10,40.35
2024-09-04,Product_E,Clothing,Central,229.31,8,14.61
2024-09-05,Product_E,Clothing,Central,205.97,6,21.1
2024-09-06,Product_E,Clothing,Central,218.39,8,41.56
2024-09-07,Product_E,Clothing,Central,306.58,7,82.29
2024-09-08,Product_E,Clothing,Central,252.89,15,42.99
2024-09-09,Product_E,Clothing,Central,260.0,10,23.63
2024-09-10,Product_E,Clothing,Central,168.37,4,73.65
2024-09-11,Product_E,Clothing,Central,199.55,11,43.0
2024-09-12,Product_E,Clothing,Central,130.8,9,66.54
2024-09-13,Product_E,Clothing,Central,207.57,13,98.73
2024-09-14,Product_E,Clothing,Central,284.19,6,45.12
2024-09-15,Product_E,Clothing,Central,247.23,7,92.02
2024-09-16,Product_E,Clothing,Central,230.1,7,25.7
2024-09-17,Product_E,Clothing,Central,233.47,9,85.88
2024-09-18,Product_E,Clothing,Central,216.67,6,68.57
2024-09-19,Product_E,Clothing,Central,242.93,5,90.46
2024-09-20,Product_E,Clothing,Central,262.81,5,18.54
2024-09-21,Product_E,Clothing,Central,176.94,5,76.65
2024-09-22,Product_E,Clothing,Central,257.05,6,64.6
2024-09-23,Product_E,Clothing,Central,267.05,16,81.77
2024-09-24,Product_E,Clothing,Central,219.36,5,17.75
2024-09-25,Product_E,Clothing,Central,254.16,8,25.66
2024-09-26,Product_E,Clothing,Central,324.45,13,11.63
2024-09-27,Product_E,Clothing,Central,234.82,9,59.49
2024-09-28,Product_E,Clothing,Central,258.94,7,69.71
2024-09-29,Product_E,Clothing,Central,210.36,4,29.39
2024-09-30,Product_E,Clothing,Central,225.15,15,86.64
2024-10-01,Product_E,Clothing,Central,252.44,15,97.73
2024-10-02,Product_E,Clothing,Central,223.28,5,55.08
2024-10-03,Product_E,Clothing,Central,210.72,4,18.76
2024-10-04,Product_E,Clothing,Central,235.34,10,67.44
2024-10-05,Product_E,Clothing,Central,309.12,12,93.55
2024-10-06,Product_E,Clothing,Central,265.62,21,59.45
2024-10-07,Product_E,Clothing,Central,267.83,7,68.75
2024-10-08,Product_E,Clothing,Central,217.68,10,42.81
2024-10-09,Product_E,Clothing,Central,272.13,6,27.54
2024-10-10,Product_E,Clothing,Central,241.49,5,60.64
2024-10-11,Product_E,Clothing,Central,201.89,4,74.22
2024-10-12,Product_E,Clothing,Central,246.95,13,61.19
2024-10-13,Product_E,Clothing,Central,181.7,4,48.89
2024-10-14,Product_E,Clothing,Central,191.7,3,50.7
2024-10-15,Product_E,Clothing,Central,249.29,15,45.05
2024-10-16,Product_E,Clothing,Central,245.86,5,38.77
2024-10-17,Product_E,Clothing,Central,186.63,4,89.31
2024-10-18,Product_E,Clothing,Central,288.98,12,17.49
2024-10-19,Product_E,Clothing,Central,274.61,7,38.04
2024-10-20,Product_E,Clothing,Central,209.22,5,49.84
2024-10-21,Product_E,Clothing,Central,175.36,5,80.01
2024-10-22,Product_E,Clothing,Central,239.62,9,49.88
2024-10-23,Product_E,Clothing,Central,209.14,8,43.06
2024-10-24,Product_E,Clothing,Central,247.44,7,82.79
2024-10-25,Product_E,Clothing,Central,231.82,9,57.18
2024-10-26,Product_E,Clothing,Central,167.46,4,34.25
2024-10-27,Product_E,Clothing,Central,206.19,9,94.01
2024-10-28,Product_E,Clothing,Central,221.39,5,61.95
2024-10-29,Product_E,Clothing,Central,257.93,7,12.64
2024-10-30,Product_E,Clothing,Central,214.58,6,55.86
2024-10-31,Product_E,Clothing,Central,313.6,9,42.35
2024-11-01,Product_E,Clothing,Central,180.28,13,27.4
2024-11-02,Product_E,Clothing,Central,289.41,6,46.78
2024-11-03,Product_E,Clothing,Central,228.11,7,14.74
2024-11-04,Product_E,Clothing,Central,288.07,25,74.55
2024-11-05,Product_E,Clothing,Central,248.49,7,55.78
2024-11-06,Product_E,Clothing,Central,300.72,15,77.03
2024-11-07,Product_E,Clothing,Central,230.0,13,27.09
2024-11-08,Product_E,Clothing,Central,187.22,6,35.77
2024-11-09,Product_E,Clothing,Central,286.37,14,68.07
2024-11-10,Product_E,Clothing,Central,222.96,6,84.21
2024-11-11,Product_E,Clothing,Central,258.63,9,16.58
2024-11-12,Product_E,Clothing,Central,304.56,14,98.2
2024-11-13,Product_E,Clothing,Central,220.64,6,73.88
2024-11-14,Product_E,Clothing,Central,275.81,26,56.64
2024-11-15,Product_E,Clothing,Central,231.73,20,61.23
2024-11-16,Product_E,Clothing,Central,232.75,4,97.16
2024-11-17,Product_E,Clothing,Central,235.3,7,51.24
2024-11-18,Product_E,Clothing,Central,192.6,4,70.62
2024-11-19,Product_E,Clothing,Central,217.27,17,51.92
2024-11-20,Product_E,Clothing,Central,299.5,15,52.28
2024-11-21,Product_E,Clothing,Central,283.84,10,62.39
2024-11-22,Product_E,Clothing,Central,245.38,10,24.78
2024-11-23,Product_E,Clothing,Central,267.36,8,84.72
2024-11-24,Product_E,Clothing,Central,246.11,6,40.45
2024-11-25,Product_E,Clothing,Central,304.77,6,92.1
2024-11-26,Product_E,Clothing,Central,245.65,13,13.55
2024-11-27,Product_E,Clothing,Central,259.76,6,84.48
2024-11-28,Product_E,Clothing,Central,286.71,5,90.09
2024-11-29,Product_E,Clothing,Central,222.09,6,57.7
2024-11-30,Product_E,Clothing,Central,294.16,26,32.2
2024-12-01,Product_E,Clothing,Central,195.21,6,66.57
2024-12-02,Product_E,Clothing,Central,299.27,9,76.84
2024-12-03,Product_E,Clothing,Central,234.12,11,60.85
2024-12-04,Product_E,Clothing,Central,228.14,16,47.23
2024-12-05,Product_E,Clothing,Central,176.37,4,72.41
2024-12-06,Product_E,Clothing,Central,228.04,4,35.01
2024-12-07,Product_E,Clothing,Central,189.17,6,39.66
2024-12-08,Product_E,Clothing,Central,226.75,8,87.13
2024-12-09,Product_E,Clothing,Central,235.71,6,89.42
2024-12-10,Product_E,Clothing,Central,294.25,16,88.6
2024-12-11,Product_E,Clothing,Central,255.58,20,89.97
2024-12-12,Product_E,Clothing,Central,263.66,11,38.31
2024-12-13,Product_E,Clothing,Central,194.14,6,94.66
2024-12-14,Product_E,Clothing,Central,206.55,17,41.7
2024-12-15,Product_E,Clothing,Central,315.17,7,45.64
2024-12-16,Product_E,Clothing,Central,227.1,12,48.23
2024-12-17,Product_E,Clothing,Central,331.1,13,92.39
2024-12-18,Product_E,Clothing,Central,230.45,5,55.46
2024-12-19,Product_E,Clothing,Central,259.22,5,51.87
2024-12-20,Product_E,Clothing,Central,269.61,21,33.6
2024-12-21,Product_E,Clothing,Central,287.56,10,24.12
2024-12-22,Product_E,Clothing,Central,234.75,4,79.02
2024-12-23,Product_E,Clothing,Central,219.85,10,63.17
2024-12-24,Product_E,Clothing,Central,230.97,5,94.72
2024-12-25,Product_E,Clothing,Central,266.83,5,56.37
2024-12-26,Product_E,Clothing,Central,282.83,6,60.59
2024-12-27,Product_E,Clothing,Central,253.42,7,20.33
2024-12-28,Product_E,Clothing,Central,281.25,18,57.66
2024-12-29,Product_E,Clothing,Central,317.92,15,11.89
2024-12-30,Product_E,Clothing,Central,271.69,6,12.92
2024-12-31,Product_E,Clothing,Central,261.77,7,58.53
